07,09,2012,17.6,25.8,18.7,0.6,3.7,88.2,326.3,5.9,118.1,6.9,not fire
20,06,2012,20.7,45.5,18.0,0.4,50.5,57.2,228.0,4.0,186.9,21.8,fire
29,11,2012,15.4,85.0,20.7,0.6,40.3,33.2,198.9,1.7,1.7,0.0,not fire
15,11,2012,23.6,36.2,11.2,0.4,63.5,72.3,162.4,26.0,9.6,5.1,not fire
11,01,2012,31.8,47.0,20.1,0.7,62.1,50.8,490.7,8.8,38.3,20.4,fire
08,01,2012,22.8,25.1,0.2,2.0,12.1,49.9,67.4,0.1,33.5,0.0,not fire
29,02,2012,18.6,77.2,23.1,0.9,97.7,11.0,157.4,6.7,36.2,16.5,fire
21,09,2012,30.1,50.6,11.1,1.2,18.7,39.0,242.7,10.2,134.4,8.6,not fire
07,03,2012,30.8,76.9,13.8,0.5,44.5,24.1,239.0,29.7,91.9,7.9,not fire
26,01,2012,18.5,87.8,6.4,1.3,48.8,1.6,235.7,15.7,198.4,6.8,not fire
19,05,2012,30.4,37.5,18.6,1.1,81.3,36.0,87.9,6.1,45.4,9.7,not fire
23,07,2012,33.9,80.6,1.9,0.1,9.9,9.0,72.5,10.0,62.2,6.8,not fire
11,06,2012,18.3,24.4,21.8,0.9,42.9,25.7,127.4,9.9,196.8,9.5,not fire
11,12,2012,30.4,87.4,20.7,0.3,62.9,9.3,457.3,0.6,166.4,10.8,fire
24,01,2012,29.2,68.8,5.4,1.6,21.5,10.1,56.5,4.1,94.0,5.6,not fire
21,05,2012,24.5,85.6,20.2,0.6,62.7,19.9,378.7,20.9,110.9,13.9,fire
04,05,2012,16.2,20.0,19.7,5.2,92.4,100.0,378.8,3.6,168.6,25.8,fire
08,06,2012,16.5,32.7,15.8,0.1,99.8,0.2,404.9,6.9,96.2,12.1,fire
24,03,2012,32.0,49.2,9.3,1.5,3.2,63.9,443.3,10.5,41.2,14.2,fire
03,05,2012,34.8,48.5,6.8,1.1,23.6,14.1,131.5,22.7,165.7,5.6,not fire
22,07,2012,28.5,37.0,5.8,1.5,31.0,92.1,112.3,17.5,107.6,7.1,not fire
21,05,2012,23.9,48.6,8.0,0.4,39.9,9.4,232.8,20.7,30.6,11.9,fire
02,05,2012,28.0,29.7,22.6,0.7,24.2,95.5,132.5,17.0,101.1,12.0,fire
24,05,2012,26.9,51.0,1.9,1.6,20.3,61.1,367.2,20.5,82.6,16.5,fire
12,10,2012,22.7,80.2,20.7,0.3,95.5,0.1,318.0,0.1,175.4,20.7,fire
30,10,2012,16.3,55.9,8.7,0.3,91.9,89.4,437.5,27.9,25.2,21.7,fire
06,03,2012,31.4,21.4,13.0,0.8,4.7,52.2,41.4,3.3,175.0,13.5,fire
02,01,2012,22.4,51.6,19.9,0.7,33.9,26.3,457.5,12.2,102.4,0.0,not fire
28,05,2012,31.4,22.0,22.1,0.3,40.5,76.7,146.7,23.1,80.9,16.8,fire
21,09,2012,20.1,92.5,8.6,0.4,23.9,92.7,245.3,13.1,32.4,15.6,fire
01,01,2012,15.0,29.6,11.5,0.3,62.9,48.4,219.3,28.4,140.2,5.9,not fire
12,03,2012,18.2,73.1,10.4,1.5,64.0,31.6,380.2,14.0,185.4,11.9,fire
26,04,2012,24.4,93.0,0.3,1.1,85.1,78.9,210.2,26.2,75.1,12.6,fire
22,01,2012,33.9,82.0,7.4,1.8,74.1,68.2,471.8,24.3,48.3,23.2,fire
29,01,2012,17.0,72.4,11.5,3.7,54.3,88.9,451.3,29.4,111.0,9.1,not fire
12,08,2012,32.1,83.0,10.3,0.6,65.4,69.3,436.1,27.8,159.2,13.0,fire
25,02,2012,25.5,93.6,18.0,0.1,27.4,24.4,35.6,26.9,0.8,7.3,not fire
17,12,2012,31.5,66.6,9.6,0.0,59.3,93.2,427.1,21.9,126.3,28.6,fire
27,08,2012,21.0,61.9,12.2,0.4,48.9,10.5,390.8,11.0,119.3,14.9,fire
27,07,2012,31.8,67.1,10.7,2.7,13.3,26.8,51.8,3.2,63.6,17.2,fire
31,10,2012,30.5,60.0,18.5,0.7,24.3,52.0,53.7,20.7,90.3,2.5,not fire
10,10,2012,19.6,67.6,21.6,0.3,29.2,56.6,50.6,29.4,49.4,3.9,not fire
28,02,2012,17.6,53.7,13.3,0.5,92.4,1.5,5.7,21.8,158.0,20.0,fire
28,06,2012,32.4,36.4,19.7,0.9,23.0,78.1,274.3,27.9,126.9,4.4,not fire
16,06,2012,34.3,29.0,7.4,1.1,28.9,36.2,486.7,24.1,106.5,8.7,not fire
15,03,2012,15.6,25.1,13.5,0.2,36.9,40.6,219.3,4.9,78.5,19.2,fire
30,11,2012,29.6,39.7,8.6,3.8,66.4,80.9,270.4,7.5,58.3,11.9,fire
30,02,2012,33.2,23.5,10.4,0.8,11.8,37.9,484.0,10.3,164.5,0.8,not fire
15,12,2012,32.1,62.5,18.3,0.1,95.4,4.7,127.6,5.0,90.3,16.5,fire
30,01,2012,34.3,41.3,22.0,2.2,86.6,17.6,429.2,17.4,100.3,7.8,not fire
19,06,2012,30.2,81.8,3.0,0.1,57.7,95.6,273.2,29.3,104.2,23.4,fire
12,12,2012,23.8,25.6,15.9,2.4,67.4,7.0,284.7,22.8,89.7,7.8,not fire
23,05,2012,21.2,37.0,14.6,5.7,1.7,35.5,171.6,12.7,51.2,1.0,not fire
20,11,2012,21.4,74.8,3.0,1.2,33.9,50.3,280.8,0.1,24.1,10.3,fire
25,09,2012,29.5,64.9,5.3,1.5,79.6,49.3,36.6,9.4,19.7,14.5,fire
03,01,2012,29.9,24.8,7.8,0.4,7.7,0.4,382.3,15.8,151.5,8.4,not fire
05,07,2012,19.0,85.8,4.2,2.8,28.2,50.1,142.3,9.7,44.7,11.9,fire
19,05,2012,32.4,85.8,6.1,0.8,58.5,38.4,443.8,3.3,11.1,13.2,fire
07,05,2012,29.3,44.8,6.7,1.3,25.6,97.2,183.9,13.3,159.5,7.7,not fire
21,02,2012,26.3,45.5,8.4,2.6,93.4,15.9,71.4,7.6,30.8,19.2,fire
09,11,2012,24.4,94.2,18.7,3.7,13.1,35.4,347.9,27.3,125.0,5.0,not fire
07,03,2012,25.9,67.0,14.3,1.8,79.7,41.9,82.3,3.1,67.7,11.0,fire
18,07,2012,18.2,59.8,24.7,0.4,50.8,39.1,376.8,1.5,25.3,11.4,fire
04,06,2012,19.1,82.9,10.4,3.4,75.0,66.6,484.1,0.2,82.9,5.0,not fire
25,12,2012,16.8,41.4,18.8,1.0,31.1,21.6,389.8,9.8,3.0,9.7,not fire
28,02,2012,18.1,52.2,21.8,2.7,51.4,22.1,11.2,19.8,168.2,11.2,fire
14,06,2012,24.1,40.1,17.0,1.1,85.7,72.9,299.9,21.9,102.7,23.1,fire
18,02,2012,25.6,79.2,10.3,0.4,46.7,50.0,347.7,13.6,27.8,10.1,fire
26,02,2012,15.4,63.0,18.8,0.5,36.0,41.5,412.7,20.5,47.4,15.8,fire
09,02,2012,30.9,69.4,5.1,0.8,53.6,16.9,28.0,10.8,89.6,15.3,fire
26,11,2012,20.9,38.9,8.2,1.6,71.7,18.8,240.1,20.0,37.8,12.6,fire
21,03,2012,33.2,36.5,13.7,0.4,44.4,1.1,267.7,1.2,53.7,20.2,fire
02,02,2012,34.4,56.6,14.4,0.9,93.9,9.1,84.6,11.7,106.9,17.4,fire
20,04,2012,18.7,75.3,0.6,0.4,29.5,55.7,161.2,23.7,166.5,7.4,not fire
28,09,2012,24.2,59.4,23.6,1.7,47.5,89.2,220.1,24.1,80.4,15.2,fire
15,06,2012,15.0,22.4,17.4,0.6,75.7,28.7,416.6,21.5,143.4,9.7,not fire
28,01,2012,27.0,85.1,12.4,0.1,68.9,32.8,464.7,6.1,175.3,15.9,fire
07,08,2012,27.1,24.9,23.3,0.2,86.4,11.6,314.2,7.4,43.3,21.4,fire
12,12,2012,20.0,91.7,11.0,0.1,99.7,38.9,197.5,29.9,161.4,16.5,fire
29,07,2012,26.2,21.9,24.5,0.7,42.7,3.7,127.0,3.1,151.5,10.2,fire
08,10,2012,19.5,72.1,12.8,0.1,11.1,91.8,491.1,5.4,71.4,13.7,fire
15,03,2012,18.2,26.2,2.9,0.1,3.0,67.3,491.5,3.9,197.9,13.3,fire
03,01,2012,28.0,88.3,19.1,2.8,72.7,99.1,462.5,9.8,52.5,15.8,fire
14,05,2012,21.5,54.8,17.0,2.1,87.4,88.3,392.8,6.3,51.0,18.4,fire
17,04,2012,26.8,30.3,19.3,0.6,22.1,47.3,162.9,14.9,154.5,14.2,fire
04,10,2012,23.7,45.6,23.8,4.3,15.8,52.0,408.5,14.3,86.9,10.9,fire
18,08,2012,34.7,32.4,19.4,0.0,6.2,19.1,204.4,27.0,66.2,0.0,not fire
08,01,2012,18.0,32.8,15.3,1.0,82.3,46.2,163.4,1.0,35.7,19.1,fire
04,10,2012,24.3,91.1,21.4,1.0,31.1,90.3,372.4,9.6,153.1,15.3,fire
02,01,2012,28.6,53.4,16.8,0.6,40.2,5.1,39.8,17.9,157.3,13.3,fire
30,12,2012,22.9,79.2,10.2,0.5,50.3,86.4,24.3,18.1,113.3,8.3,not fire
06,04,2012,34.5,68.0,22.1,0.6,83.9,34.1,224.0,14.4,191.5,18.0,fire
22,08,2012,29.4,70.7,5.5,0.5,65.1,90.0,222.8,24.5,63.6,21.6,fire
10,05,2012,28.1,29.9,17.9,1.3,61.5,94.1,447.8,1.9,43.9,12.1,fire
04,02,2012,30.1,37.6,22.0,0.1,17.6,67.1,63.1,24.5,135.5,8.5,not fire
22,06,2012,34.1,79.0,18.3,0.2,51.3,66.4,61.6,14.8,151.7,19.9,fire
29,05,2012,33.2,92.8,17.4,0.2,71.5,45.3,73.7,4.0,45.0,12.8,fire
31,02,2012,29.5,39.7,18.8,0.3,97.3,83.6,14.9,26.6,15.3,19.3,fire
18,11,2012,30.0,40.4,11.6,0.7,20.1,96.2,35.9,19.5,162.1,8.0,not fire
26,11,2012,17.9,55.5,21.9,0.1,1.0,77.5,329.9,4.9,195.3,16.8,fire
12,11,2012,17.1,93.8,5.1,2.0,7.5,62.2,215.8,1.0,128.9,9.9,not fire
02,03,2012,26.4,40.2,3.2,0.4,37.6,60.7,381.8,4.2,55.6,10.9,fire
10,09,2012,15.4,50.5,7.1,0.2,82.1,84.9,496.3,18.3,199.3,13.7,fire
30,07,2012,24.6,86.9,13.3,1.1,0.7,54.1,329.5,5.4,178.7,1.7,not fire
04,07,2012,19.2,20.2,12.8,0.0,45.7,80.4,25.2,6.8,102.7,12.0,fire
14,11,2012,21.9,23.0,20.5,1.0,32.9,50.9,52.3,0.8,165.1,13.6,fire
31,06,2012,30.5,65.3,10.1,1.2,5.2,6.2,440.5,21.7,163.2,3.3,not fire
16,08,2012,33.8,88.1,12.1,0.2,45.0,38.4,263.7,24.3,187.0,14.2,fire
15,04,2012,16.4,37.9,0.3,0.0,25.5,44.4,412.4,23.9,168.2,6.7,not fire
08,08,2012,25.7,55.2,10.2,0.5,35.2,14.2,428.3,3.8,128.7,16.3,fire
14,04,2012,32.7,53.8,16.2,0.1,70.6,10.2,463.8,27.1,121.9,11.5,fire
23,08,2012,16.7,55.5,0.4,0.1,52.2,53.5,474.9,20.2,93.5,15.5,fire
28,09,2012,31.5,66.7,7.0,0.3,12.5,8.5,277.4,26.9,125.3,15.5,fire
25,03,2012,22.2,55.2,5.2,0.4,96.1,30.3,170.5,13.4,159.0,13.9,fire
30,03,2012,21.4,53.6,1.0,0.8,63.6,74.5,480.9,13.1,193.8,11.7,fire
08,11,2012,34.5,55.6,12.0,1.1,76.6,96.4,273.7,23.5,93.5,24.5,fire
21,02,2012,19.0,64.3,4.5,0.9,7.9,71.8,32.1,2.8,114.7,0.0,not fire
16,10,2012,28.9,60.3,18.6,0.2,4.7,99.3,321.4,15.6,89.0,13.7,fire
13,03,2012,31.4,84.1,21.2,0.2,1.9,69.8,293.8,25.1,133.7,2.6,not fire
18,03,2012,15.8,23.7,13.6,2.1,18.9,29.4,447.9,24.9,126.0,13.1,fire
15,05,2012,28.4,82.5,24.5,0.8,41.4,67.2,326.6,28.7,3.6,12.5,fire
21,05,2012,34.0,83.3,11.3,2.0,93.6,70.2,174.5,20.9,108.2,19.6,fire
24,02,2012,17.5,41.4,12.8,0.5,45.7,37.2,483.1,6.2,17.7,6.4,not fire
26,12,2012,32.9,54.7,24.7,1.0,29.0,1.8,400.8,0.6,5.3,1.7,not fire
25,10,2012,26.9,52.9,5.8,0.7,56.2,70.3,315.2,14.4,158.2,21.1,fire
28,06,2012,27.3,36.4,23.6,0.4,11.2,2.2,146.5,15.4,51.7,6.1,not fire
28,05,2012,27.3,49.8,1.1,0.6,61.0,63.1,186.8,7.2,68.1,30.9,fire
28,06,2012,21.0,23.3,11.2,0.7,56.8,16.4,335.0,3.7,12.8,6.7,not fire
13,01,2012,33.7,40.8,1.8,0.2,79.2,56.6,36.0,17.6,35.9,14.6,fire
09,05,2012,33.9,81.3,18.2,0.4,98.7,50.4,128.3,22.9,153.1,15.1,fire
29,09,2012,27.5,41.3,15.2,1.6,25.1,1.4,357.0,29.8,98.7,7.8,not fire
15,12,2012,30.7,81.4,17.7,2.5,51.0,36.3,240.0,22.7,176.1,21.4,fire
13,10,2012,27.2,59.9,9.4,0.4,90.9,60.1,201.2,23.8,79.4,23.1,fire
01,02,2012,24.7,86.0,9.2,0.4,78.5,84.9,75.7,18.5,53.7,9.9,not fire
25,01,2012,28.2,63.1,1.1,0.2,48.7,88.9,220.9,29.6,69.5,21.6,fire
07,10,2012,26.1,22.2,8.7,1.1,94.5,48.4,385.3,19.2,142.6,20.9,fire
09,11,2012,26.9,70.7,23.2,0.4,5.7,72.8,132.0,25.8,111.0,12.5,fire
24,09,2012,30.7,23.4,9.5,4.4,93.1,31.6,2.7,28.4,180.8,14.2,fire
01,10,2012,24.6,53.8,20.8,0.4,5.1,34.2,334.3,27.9,120.4,4.6,not fire
12,09,2012,15.8,89.7,21.1,0.5,54.7,19.4,486.3,11.4,98.6,10.5,fire
08,09,2012,18.3,32.4,9.3,0.9,89.0,56.2,303.4,2.4,157.2,12.7,fire
24,06,2012,23.8,49.2,15.8,1.6,26.3,31.5,60.0,5.2,189.5,15.6,fire
31,08,2012,29.5,74.7,2.4,0.6,47.2,8.4,160.4,1.8,71.2,8.1,not fire
11,11,2012,26.9,86.2,2.6,0.5,32.4,68.5,433.8,3.2,50.0,2.4,not fire
19,01,2012,28.0,70.3,1.2,5.4,95.2,70.8,116.3,5.5,123.2,12.3,fire
17,10,2012,24.6,39.4,14.5,0.0,82.4,36.0,303.8,10.2,99.8,9.0,not fire
08,04,2012,27.3,70.6,10.7,2.3,70.9,7.7,201.3,16.3,197.8,11.9,fire
03,01,2012,21.6,42.3,13.7,0.2,58.8,42.6,103.9,21.4,92.5,13.8,fire
03,08,2012,24.4,73.9,13.0,1.5,82.1,44.2,406.7,6.3,14.9,15.7,fire
01,01,2012,29.9,91.6,8.8,1.0,39.2,66.9,371.4,20.2,195.5,16.0,fire
27,03,2012,32.4,74.1,16.9,0.4,44.8,31.5,330.8,21.1,168.7,11.7,fire
05,04,2012,23.7,84.7,19.0,2.1,73.0,68.3,118.2,16.8,35.7,14.7,fire
10,08,2012,15.9,20.2,0.4,0.0,35.8,87.1,48.9,27.1,180.9,20.4,fire
07,06,2012,18.2,73.8,5.2,0.3,6.4,23.7,288.1,3.3,68.1,11.6,fire
26,10,2012,15.4,82.2,17.8,0.8,7.4,97.9,276.8,5.3,75.4,10.9,fire
09,12,2012,28.1,23.0,9.7,0.4,11.5,38.6,94.2,12.9,181.3,13.5,fire
28,07,2012,21.6,85.4,16.6,0.9,87.0,26.7,28.1,3.8,106.0,4.8,not fire
07,08,2012,25.8,39.3,8.7,0.0,47.2,42.2,40.4,17.0,27.6,8.2,not fire
09,02,2012,24.9,69.9,9.8,0.1,71.3,9.4,496.4,12.0,73.8,10.7,fire
08,10,2012,16.6,80.0,4.0,0.1,39.3,12.6,391.8,8.5,144.4,4.0,not fire
12,11,2012,23.1,69.7,6.5,0.2,25.9,41.4,461.0,5.1,34.8,1.6,not fire
02,08,2012,19.4,26.9,15.1,0.6,34.7,76.2,97.5,10.1,118.0,13.5,fire
01,03,2012,23.4,64.7,10.8,1.4,79.4,90.0,480.3,18.2,139.1,24.4,fire
16,07,2012,19.1,61.2,19.4,2.4,62.5,66.5,71.3,17.3,68.8,13.7,fire
23,03,2012,31.8,87.5,21.3,1.8,93.8,10.5,254.5,4.9,138.8,19.6,fire
23,07,2012,18.5,50.3,13.5,0.2,68.0,67.2,414.8,3.7,176.8,13.7,fire
30,11,2012,34.2,44.1,19.0,0.6,57.0,63.5,174.9,0.8,94.4,13.5,fire
24,12,2012,23.3,76.2,7.7,0.2,61.0,80.6,212.4,0.4,76.6,19.4,fire
05,02,2012,31.9,51.0,10.4,0.3,94.2,82.5,64.1,26.4,50.2,13.3,fire
03,10,2012,27.6,68.5,17.8,0.7,78.8,86.8,61.5,1.4,120.8,8.4,not fire
12,06,2012,29.7,68.5,9.7,0.1,2.4,41.4,309.8,21.9,176.0,1.5,not fire
08,03,2012,30.4,86.6,14.7,0.2,53.4,69.8,337.8,26.2,64.9,19.7,fire
22,03,2012,25.1,64.9,4.6,2.7,68.8,26.8,388.7,2.9,79.2,13.7,fire
27,09,2012,25.9,57.7,15.0,0.6,74.9,99.9,278.3,13.1,81.3,19.8,fire
03,07,2012,25.3,30.4,21.5,0.6,21.3,17.5,322.9,28.9,112.2,17.0,fire
01,05,2012,26.8,28.7,21.7,0.0,86.7,1.0,6.8,25.0,45.7,8.8,not fire
03,12,2012,15.6,31.6,18.1,0.3,95.6,14.9,81.1,14.7,164.4,19.7,fire
05,10,2012,22.9,32.9,18.6,2.0,23.7,77.6,492.5,22.9,59.1,9.3,not fire
15,07,2012,27.1,67.8,13.9,0.2,88.3,44.7,38.0,25.0,141.1,14.2,fire
14,09,2012,27.0,75.6,14.6,0.5,9.7,44.8,339.4,10.4,102.6,9.2,not fire
03,01,2012,30.9,59.7,3.3,0.0,5.6,95.5,88.0,26.8,117.2,13.2,fire
01,07,2012,28.1,82.2,11.1,0.7,12.9,92.0,358.4,14.1,35.9,10.7,fire
05,06,2012,34.8,94.3,11.3,0.0,5.8,31.1,353.0,15.8,147.0,12.5,fire
26,10,2012,20.7,81.5,24.0,1.7,84.5,20.9,117.1,30.0,37.7,14.7,fire
23,12,2012,22.2,72.1,10.8,1.7,5.9,84.8,134.8,25.3,22.7,8.8,not fire
31,09,2012,22.7,59.9,13.7,1.5,27.2,90.6,327.4,10.9,109.3,9.9,not fire
14,01,2012,24.3,53.7,13.3,0.3,10.4,54.2,195.0,0.3,141.9,9.8,not fire
07,04,2012,31.7,26.3,15.9,1.8,29.5,62.9,97.3,18.8,10.0,6.0,not fire
27,09,2012,19.7,50.0,18.7,0.8,9.1,25.7,365.8,21.1,13.9,1.2,not fire
09,04,2012,30.5,88.3,5.6,0.5,66.8,80.1,77.1,19.5,160.5,15.3,fire
15,10,2012,23.1,80.6,13.2,1.0,13.3,63.2,427.8,29.0,161.8,12.4,fire
15,03,2012,27.0,36.2,20.6,0.0,85.2,50.4,257.3,25.9,49.1,27.7,fire
26,09,2012,27.7,55.0,11.6,0.2,81.7,6.0,52.9,13.5,123.0,13.5,fire
10,02,2012,22.5,81.3,7.0,1.4,1.4,91.6,347.0,1.9,88.6,0.4,not fire
28,04,2012,25.3,25.1,16.4,0.3,89.6,61.5,259.6,14.3,126.5,13.4,fire
13,06,2012,23.3,49.1,20.6,0.9,2.9,19.3,149.0,20.7,172.6,9.6,not fire
19,02,2012,16.4,83.9,1.6,0.5,24.0,60.6,211.3,18.2,16.0,4.2,not fire
31,08,2012,23.7,50.3,19.4,1.9,3.2,67.7,149.2,16.1,155.6,2.3,not fire
07,08,2012,16.9,25.8,20.5,3.0,33.6,52.6,131.5,14.1,98.6,12.9,fire
17,01,2012,23.1,60.7,11.5,2.2,51.4,71.8,81.8,8.8,112.8,15.8,fire
20,12,2012,26.9,84.6,24.6,0.3,79.7,58.1,181.4,8.3,130.8,9.0,not fire
29,03,2012,26.6,64.3,19.7,0.2,33.8,94.8,125.5,15.0,184.5,9.3,not fire
04,10,2012,28.3,37.0,19.3,0.6,70.5,5.4,341.7,4.8,11.3,19.3,fire
30,09,2012,16.9,48.8,18.7,0.0,18.8,10.6,341.9,10.2,5.9,10.3,fire
05,05,2012,28.0,53.8,3.8,0.0,75.1,17.4,250.9,9.7,35.7,8.2,not fire
23,06,2012,21.2,63.4,5.4,0.8,23.6,69.0,389.0,17.6,197.3,0.5,not fire
07,04,2012,23.0,77.0,11.6,0.7,14.4,64.6,420.7,2.0,143.0,10.6,fire
13,10,2012,32.2,27.4,6.6,5.2,18.5,89.2,289.9,24.9,122.9,11.8,fire
15,02,2012,15.2,86.7,10.4,0.2,18.2,73.3,309.5,16.9,9.4,9.8,not fire
11,11,2012,26.8,20.9,22.2,0.3,51.3,50.8,141.4,20.1,175.8,16.6,fire
29,08,2012,27.0,47.8,20.6,0.1,84.5,99.2,447.4,21.1,162.6,14.4,fire
04,11,2012,22.9,22.1,15.8,2.5,8.0,26.6,12.1,8.7,133.0,4.7,not fire
13,06,2012,19.7,49.5,21.5,1.5,70.7,83.3,174.3,14.1,67.8,11.0,fire
07,05,2012,19.7,59.4,19.6,1.7,65.4,42.7,360.9,28.7,14.1,8.9,not fire
27,09,2012,32.7,58.4,10.7,2.3,87.3,64.9,40.0,23.0,116.0,21.8,fire
19,01,2012,23.8,32.4,5.0,0.7,24.4,72.7,91.6,29.1,143.9,12.1,fire
22,05,2012,21.6,68.4,12.9,0.6,45.0,63.4,294.6,22.4,18.8,4.6,not fire
28,06,2012,24.0,23.4,18.4,0.4,92.6,14.1,280.0,5.3,126.8,18.5,fire
02,05,2012,28.4,77.1,10.9,0.9,66.0,44.3,369.5,1.9,57.3,12.8,fire
10,06,2012,17.9,91.0,16.7,0.6,38.9,56.1,406.3,17.3,152.8,14.5,fire
13,06,2012,24.0,45.5,2.4,0.6,13.1,84.9,64.3,10.7,107.9,5.5,not fire
30,07,2012,26.8,58.8,18.7,2.8,26.2,44.4,9.2,8.3,25.8,5.7,not fire
25,04,2012,34.0,48.4,20.3,4.1,58.1,91.9,344.8,24.2,105.3,18.9,fire
21,11,2012,20.1,20.5,17.7,1.6,71.8,44.0,150.7,11.0,79.1,8.1,not fire
06,08,2012,22.2,48.9,24.2,1.4,12.4,54.9,313.0,9.5,36.1,7.2,not fire
28,07,2012,22.6,79.4,20.7,1.1,60.0,79.6,75.3,25.5,168.3,9.0,not fire
28,09,2012,27.1,64.7,22.6,0.2,55.0,58.3,234.5,25.4,2.2,12.4,fire
12,07,2012,22.1,27.6,23.3,0.1,51.4,96.0,252.2,10.7,62.4,14.4,fire
12,03,2012,25.7,83.5,20.0,1.2,69.0,66.0,292.5,25.0,2.5,15.9,fire
20,03,2012,30.6,59.8,16.9,1.3,83.7,52.3,256.6,25.5,19.2,15.8,fire
30,08,2012,29.1,83.1,0.1,0.0,32.3,2.4,247.8,12.7,59.4,11.1,fire
30,05,2012,23.9,63.5,11.6,2.6,88.9,41.4,166.4,2.0,10.9,16.5,fire
11,04,2012,32.3,62.0,14.3,0.1,16.1,29.9,35.6,0.0,119.3,9.1,not fire
26,08,2012,26.2,27.9,7.6,0.3,17.3,74.8,44.8,15.7,17.4,7.9,not fire
23,06,2012,25.8,32.6,8.0,1.1,26.7,20.8,216.9,10.3,140.3,14.4,fire
28,02,2012,15.7,92.9,24.0,0.2,12.0,20.5,177.9,29.9,10.5,7.9,not fire
25,04,2012,34.7,37.1,22.3,0.1,23.0,19.0,258.1,23.2,11.9,5.5,not fire
07,12,2012,17.5,93.3,21.2,0.4,10.6,12.6,152.4,22.8,61.1,8.9,not fire
30,11,2012,19.6,59.9,10.2,1.5,82.2,31.1,344.0,28.7,179.3,18.6,fire
01,04,2012,16.0,30.2,0.3,0.5,13.9,88.6,432.0,26.6,128.3,9.2,not fire
01,06,2012,27.8,27.4,2.0,1.1,74.7,77.5,149.4,9.5,154.0,17.0,fire
25,06,2012,19.5,35.7,7.8,0.9,4.8,73.5,96.5,5.0,28.3,0.0,not fire
27,01,2012,18.6,89.4,0.4,0.0,94.9,79.7,58.1,22.4,166.8,13.4,fire
30,08,2012,16.8,51.1,0.4,4.5,71.1,26.9,308.1,11.3,1.6,16.3,fire
25,06,2012,17.1,49.7,22.9,0.0,0.7,88.7,221.9,14.2,42.6,4.3,not fire
20,03,2012,26.7,43.5,17.7,3.4,76.4,13.7,94.0,18.9,123.2,13.2,fire
13,09,2012,28.8,31.0,7.7,0.8,51.4,33.6,326.6,27.2,75.0,8.8,not fire
09,02,2012,22.9,56.6,3.3,3.3,77.9,58.7,74.2,12.6,196.8,16.7,fire
03,11,2012,24.6,29.8,12.8,0.1,52.2,10.3,277.2,23.5,6.1,13.1,fire
07,08,2012,28.7,82.7,0.1,0.7,64.1,73.0,263.6,8.1,199.7,18.1,fire
06,10,2012,15.3,47.8,23.5,0.2,78.6,38.7,367.1,20.9,124.7,7.6,not fire
08,03,2012,21.5,48.1,10.4,0.1,40.5,78.4,27.6,0.0,111.7,12.8,fire
27,12,2012,34.5,55.6,10.1,1.0,0.3,49.3,443.9,26.1,11.9,17.8,fire
09,05,2012,26.6,53.3,9.8,0.2,85.0,18.1,351.5,0.9,54.7,18.5,fire
30,06,2012,20.1,94.6,1.7,0.9,38.1,73.5,108.1,21.4,184.9,12.4,fire
05,10,2012,25.4,60.9,16.0,0.1,49.6,25.2,91.7,1.4,70.8,1.7,not fire
01,06,2012,21.9,26.6,18.3,0.4,0.8,49.1,215.8,8.0,132.3,5.8,not fire
19,04,2012,25.6,65.5,16.9,1.5,49.2,7.6,408.8,14.9,199.9,19.0,fire
10,03,2012,17.5,31.4,3.5,0.6,98.6,61.8,421.5,12.6,52.6,23.3,fire
12,04,2012,17.7,22.3,14.5,1.0,27.8,66.6,260.2,5.8,115.2,12.1,fire
24,01,2012,17.9,92.8,14.2,1.0,39.5,37.9,430.4,10.0,139.3,6.0,not fire
15,04,2012,33.8,78.0,21.7,1.9,68.7,95.4,2.7,21.8,32.9,19.1,fire
27,01,2012,29.7,93.5,9.5,0.4,81.5,87.4,17.6,20.1,29.7,22.7,fire
22,12,2012,18.2,55.8,9.3,1.2,41.7,70.8,455.9,2.2,91.3,16.1,fire
24,01,2012,18.8,59.9,15.5,3.3,31.0,71.4,387.7,22.4,77.2,12.4,fire
09,10,2012,29.6,32.6,15.8,1.3,93.8,25.2,225.4,1.6,142.8,20.9,fire
20,06,2012,18.1,38.5,11.7,0.7,67.7,65.7,376.8,16.3,13.9,13.7,fire
17,05,2012,19.7,82.9,11.1,1.0,11.9,19.8,477.8,7.8,194.4,5.8,not fire
30,11,2012,34.3,46.7,12.4,1.3,6.9,14.4,386.0,17.6,2.9,6.3,not fire
17,04,2012,20.1,82.0,21.5,0.9,48.4,99.9,421.2,7.8,120.3,16.1,fire
26,11,2012,28.2,73.2,11.5,0.0,22.0,62.2,380.3,29.5,112.5,16.6,fire
20,03,2012,34.6,33.3,23.5,0.2,25.4,43.1,84.1,9.3,26.9,15.3,fire
12,01,2012,22.5,58.1,12.6,1.7,87.8,28.8,416.8,7.3,30.2,8.8,not fire
30,06,2012,15.4,70.8,23.7,0.3,9.0,60.4,97.6,8.4,158.5,1.3,not fire
07,02,2012,19.9,37.6,20.8,1.3,71.5,5.0,446.3,26.9,177.5,17.4,fire
02,08,2012,31.6,82.3,9.1,0.5,27.1,9.5,229.3,19.1,56.6,10.8,fire
03,10,2012,32.3,60.9,21.6,0.7,76.0,3.3,338.5,21.9,87.6,15.7,fire
17,05,2012,30.4,32.4,2.8,0.1,72.2,49.9,248.6,27.5,71.0,17.3,fire
05,07,2012,17.3,63.7,23.1,0.2,0.7,60.1,47.0,27.4,14.5,15.8,fire
17,10,2012,30.9,95.0,15.8,3.2,50.9,6.2,145.4,22.2,134.6,9.8,not fire
24,12,2012,33.4,31.3,1.4,2.2,13.9,72.1,491.9,5.9,165.0,17.4,fire
17,02,2012,27.0,81.3,16.1,1.1,86.6,23.0,480.4,25.3,61.0,16.9,fire
27,08,2012,33.8,35.5,24.4,0.6,87.2,68.5,160.2,6.1,198.0,11.0,fire
17,02,2012,31.5,78.7,1.7,1.1,41.8,98.2,498.1,22.3,15.2,11.7,fire
02,04,2012,28.3,75.1,13.9,1.0,44.4,69.1,422.8,20.6,132.4,10.9,fire
02,01,2012,26.5,42.5,18.7,0.8,30.3,88.3,305.5,22.8,89.6,18.7,fire
28,05,2012,22.0,44.4,20.3,0.1,71.7,94.8,20.1,16.0,89.3,22.8,fire
22,09,2012,18.2,79.4,10.3,1.0,35.9,48.7,450.7,19.2,91.5,11.8,fire
23,01,2012,27.1,54.6,5.1,1.5,26.8,70.2,278.7,28.6,51.7,9.6,not fire
05,09,2012,21.4,74.8,1.1,5.1,43.2,85.2,434.2,3.0,143.1,8.4,not fire
01,11,2012,32.3,31.1,14.5,0.0,9.1,35.7,417.2,9.3,144.3,15.0,fire
01,08,2012,34.9,83.9,11.3,1.3,74.7,26.1,416.5,18.3,56.5,9.7,not fire
19,06,2012,30.0,73.3,23.7,0.8,1.3,94.7,349.1,28.9,167.1,10.9,fire
30,07,2012,16.8,88.0,1.5,0.6,64.4,72.6,145.7,2.9,63.4,25.3,fire
02,03,2012,20.8,29.9,17.1,0.1,18.3,22.0,168.1,0.7,145.0,4.5,not fire
21,01,2012,17.2,64.5,0.6,0.5,23.2,44.9,154.2,1.7,24.2,1.7,not fire
12,05,2012,28.0,64.9,4.3,0.4,63.6,79.6,10.0,1.6,33.7,7.1,not fire
26,12,2012,30.3,46.5,11.3,0.4,99.3,54.7,291.3,27.2,63.2,31.3,fire
06,12,2012,33.5,54.4,11.4,1.3,77.8,65.0,349.4,21.6,118.8,19.9,fire
23,02,2012,23.8,22.8,17.1,1.2,22.6,75.4,426.9,20.3,129.1,6.8,not fire
04,05,2012,33.0,75.9,22.8,0.9,17.6,62.2,70.1,15.7,79.3,10.8,fire
23,08,2012,32.6,61.2,16.0,2.8,86.6,54.0,272.1,23.5,15.6,15.0,fire
11,11,2012,21.3,24.3,23.8,0.4,44.4,75.0,4.0,4.7,74.7,3.2,not fire
24,09,2012,32.4,71.1,22.0,0.3,13.7,72.8,47.5,11.8,137.8,15.7,fire
27,02,2012,22.5,55.0,14.6,1.1,86.2,63.0,27.1,14.7,134.2,16.7,fire
17,12,2012,20.9,22.6,20.8,0.2,81.6,36.0,362.7,3.3,32.0,17.7,fire
31,03,2012,28.0,92.7,16.1,0.4,98.4,40.6,40.5,12.6,1.6,17.7,fire
06,03,2012,21.6,91.2,2.0,0.3,91.0,97.0,358.2,9.5,150.6,19.1,fire
24,01,2012,27.6,58.5,18.5,0.1,85.2,11.2,124.8,1.1,21.3,3.4,not fire
05,08,2012,27.2,27.0,2.4,1.8,5.3,26.9,438.9,4.1,16.5,11.9,fire
20,06,2012,26.3,76.6,14.9,0.3,10.4,49.2,406.6,22.9,0.5,3.8,not fire
02,12,2012,22.6,56.9,17.6,0.6,56.9,83.7,478.9,0.5,86.5,10.2,fire
06,08,2012,26.0,42.7,1.7,0.0,53.1,16.4,441.9,28.0,100.7,9.2,not fire
22,11,2012,26.9,56.9,5.8,1.2,45.8,27.7,466.7,2.6,127.5,1.1,not fire
11,09,2012,25.9,59.2,22.9,0.4,39.7,6.6,429.4,24.0,59.2,7.0,not fire
31,05,2012,23.9,62.2,15.4,1.4,43.1,70.6,346.7,27.0,142.1,9.9,not fire
16,12,2012,15.3,53.1,6.2,0.5,56.9,23.8,85.1,28.2,33.9,8.6,not fire
16,03,2012,26.7,65.4,17.3,0.2,0.2,38.9,135.9,26.0,166.4,0.0,not fire
01,05,2012,18.4,88.9,14.9,0.7,26.1,44.4,106.4,8.6,114.4,13.3,fire
09,05,2012,27.9,47.2,12.5,0.1,51.8,89.1,301.8,10.0,116.8,17.4,fire
28,05,2012,30.2,74.4,24.4,0.6,72.2,41.1,251.8,12.8,42.0,11.3,fire
27,03,2012,25.0,87.1,17.1,0.4,17.4,14.5,433.5,4.2,14.8,4.6,not fire
06,11,2012,25.8,54.2,9.4,2.4,54.7,52.4,476.3,0.7,92.9,17.5,fire
16,10,2012,34.0,53.3,20.0,0.1,71.4,96.3,202.4,26.1,123.1,18.0,fire
29,04,2012,31.9,65.2,22.1,1.2,44.5,60.8,253.2,16.6,19.0,8.0,not fire
03,09,2012,33.3,64.4,3.1,0.2,2.7,98.3,485.8,18.3,190.1,11.8,fire
20,10,2012,31.3,80.5,5.0,0.4,44.9,84.1,138.1,27.8,196.1,10.1,fire
28,09,2012,17.2,55.7,5.4,0.5,29.6,3.6,396.2,20.0,109.1,3.4,not fire
27,02,2012,18.0,94.7,17.3,2.4,93.0,65.8,112.6,20.7,190.0,16.3,fire
04,08,2012,25.5,24.5,15.1,0.3,12.5,28.7,340.7,23.6,35.9,13.5,fire
19,08,2012,19.9,20.2,15.5,0.1,65.2,56.0,126.8,3.5,5.1,23.5,fire
26,07,2012,24.5,68.0,23.5,0.4,5.3,27.9,441.9,10.8,7.9,13.9,fire
03,08,2012,22.9,42.4,19.4,0.1,44.6,34.9,280.7,29.0,117.5,11.0,fire
31,03,2012,26.0,38.0,3.2,0.1,55.4,92.3,93.0,27.7,12.3,27.2,fire
19,06,2012,29.9,43.4,8.7,0.9,29.8,20.7,112.2,26.5,191.7,13.3,fire
20,01,2012,29.3,39.2,10.9,0.1,45.5,87.4,246.9,13.6,28.4,10.2,fire
07,07,2012,25.4,22.3,9.9,0.0,16.4,3.0,480.8,25.7,60.9,7.9,not fire
20,01,2012,31.4,92.9,16.7,1.3,30.4,9.1,384.8,1.5,164.5,6.5,not fire
09,09,2012,23.6,36.6,22.3,0.4,62.1,85.5,244.2,4.5,43.7,9.1,not fire
01,01,2012,32.9,75.1,7.7,0.1,30.2,63.1,168.9,12.4,48.6,7.1,not fire
08,01,2012,16.4,77.2,13.8,0.3,90.0,74.7,274.6,14.5,128.5,15.6,fire
07,07,2012,34.1,89.7,19.7,1.0,62.8,20.9,374.2,7.9,55.2,18.1,fire
18,02,2012,28.1,22.3,10.4,0.3,43.9,53.7,392.0,10.7,43.5,18.2,fire
08,05,2012,22.6,85.4,4.2,0.7,3.9,73.7,162.3,4.9,50.8,2.5,not fire
01,08,2012,18.9,59.5,11.9,0.1,50.0,62.7,360.6,14.7,98.1,10.7,fire
11,08,2012,24.6,67.4,1.4,0.9,76.5,47.2,328.9,23.8,193.2,17.8,fire
28,03,2012,18.9,68.3,23.6,0.4,26.6,96.0,479.6,19.8,166.4,12.4,fire
25,07,2012,18.3,81.5,1.9,1.0,80.7,67.6,465.5,3.2,56.9,18.7,fire
25,03,2012,27.3,45.0,11.0,1.7,25.2,90.8,394.7,14.6,72.7,10.6,fire
18,06,2012,25.5,75.0,13.2,0.9,82.4,73.0,361.7,20.9,92.9,23.8,fire
23,06,2012,28.4,59.6,24.6,0.4,8.5,73.5,137.0,15.9,195.8,10.5,fire
31,03,2012,33.6,79.5,4.2,0.3,86.6,8.0,423.0,11.8,34.5,19.8,fire
30,07,2012,25.6,94.3,2.9,0.4,49.9,35.9,213.8,18.7,71.5,10.4,fire
10,03,2012,26.6,35.0,0.2,0.2,29.7,85.8,136.1,29.1,145.9,13.5,fire
03,08,2012,16.8,94.6,3.9,0.2,26.5,23.3,192.1,2.8,192.8,0.0,not fire
07,10,2012,29.4,26.7,5.2,1.6,43.2,11.6,418.0,11.7,31.1,6.8,not fire
28,04,2012,23.0,20.2,15.8,0.5,99.9,32.6,74.3,12.2,45.5,15.4,fire
16,01,2012,34.5,23.3,5.5,0.6,22.0,22.0,228.1,17.3,45.1,11.1,fire
26,04,2012,31.5,45.6,0.5,0.9,10.3,92.5,246.2,4.6,4.2,25.4,fire
16,07,2012,25.4,67.5,20.7,0.9,58.5,86.8,18.3,5.3,120.8,13.5,fire
25,11,2012,17.5,25.2,9.1,0.1,48.9,50.0,97.9,8.6,134.1,4.2,not fire
20,04,2012,32.2,20.4,8.8,1.8,52.4,6.1,413.4,28.7,120.5,21.1,fire
28,06,2012,31.0,90.3,7.6,0.2,66.7,71.5,415.4,22.0,14.3,22.3,fire
17,09,2012,18.7,81.6,24.4,1.3,26.7,62.3,146.2,19.9,13.8,4.1,not fire
02,01,2012,20.9,80.7,4.3,1.5,91.1,97.1,437.4,24.5,42.1,21.0,fire
01,05,2012,30.9,86.3,22.5,1.3,43.6,55.9,385.9,3.8,58.1,17.6,fire
16,11,2012,18.7,72.5,19.4,0.9,12.9,33.6,209.0,25.8,157.3,8.0,not fire
30,07,2012,33.4,27.8,1.9,0.0,74.2,51.9,374.2,17.8,31.9,18.7,fire
12,01,2012,23.5,49.9,24.7,0.4,64.3,97.9,480.7,10.1,8.8,13.1,fire
05,04,2012,16.7,74.2,6.8,0.9,31.6,69.6,229.5,24.5,78.8,13.0,fire
05,06,2012,31.3,41.0,2.5,0.5,62.2,67.2,119.2,24.1,83.3,13.9,fire
27,02,2012,22.5,71.6,20.7,2.0,22.0,24.1,470.9,25.4,90.2,0.0,not fire
23,10,2012,25.5,21.8,17.7,0.4,44.5,74.4,301.9,3.5,165.4,14.3,fire
09,05,2012,17.2,43.0,15.4,0.3,89.9,75.0,52.6,29.1,19.6,8.4,not fire
09,11,2012,15.1,61.2,3.9,0.3,13.4,31.7,286.3,28.8,140.8,11.6,fire
03,10,2012,27.8,67.4,12.0,0.4,38.7,48.4,250.3,10.7,67.6,6.4,not fire
19,01,2012,25.3,63.3,19.5,0.8,82.1,29.5,427.8,2.0,62.0,2.5,not fire
16,06,2012,26.9,72.3,7.6,1.2,96.9,25.9,265.3,5.0,186.5,7.6,not fire
16,06,2012,30.9,20.5,7.8,1.1,45.4,2.6,127.6,29.8,49.7,11.2,fire
03,04,2012,27.9,27.6,0.1,1.6,50.7,28.5,337.8,16.9,128.5,13.4,fire
20,08,2012,18.5,85.2,4.4,2.2,57.2,55.4,271.3,10.7,55.0,5.3,not fire
24,04,2012,22.2,71.1,21.9,1.7,93.2,0.2,116.5,8.6,101.4,8.6,not fire
22,08,2012,33.1,28.5,11.0,0.0,85.8,28.3,286.8,7.7,157.3,16.7,fire
24,08,2012,30.4,83.2,24.6,1.3,17.1,88.1,410.8,19.9,176.3,17.5,fire
01,05,2012,26.1,38.2,9.9,0.2,43.7,59.4,14.3,12.6,167.7,6.8,not fire
24,04,2012,20.1,55.9,17.9,0.1,46.4,60.8,315.4,29.0,116.4,14.2,fire
20,12,2012,21.0,30.9,7.0,1.0,78.9,40.3,174.8,20.5,49.8,5.8,not fire
11,02,2012,29.6,73.3,9.1,0.4,60.3,67.6,146.3,23.8,132.2,17.4,fire
17,11,2012,32.0,70.0,4.8,0.1,65.4,19.0,196.3,8.8,142.0,17.9,fire
08,03,2012,28.4,35.8,8.7,0.1,99.8,81.9,171.0,2.4,2.1,22.4,fire
04,03,2012,31.2,84.8,13.7,0.0,7.5,11.7,416.1,14.6,87.8,12.8,fire
06,04,2012,30.3,50.1,24.8,2.3,22.3,65.6,137.4,9.4,168.7,16.4,fire
08,04,2012,18.0,41.9,16.6,0.0,40.8,34.1,366.6,6.1,97.9,18.7,fire
20,10,2012,23.5,31.4,5.0,0.2,34.8,74.8,47.0,28.6,62.3,13.0,fire
30,11,2012,18.1,40.0,1.1,0.5,2.2,55.0,475.7,13.3,174.4,16.1,fire
03,11,2012,19.7,21.7,3.2,0.4,9.2,45.2,311.2,5.2,31.2,2.5,not fire
16,05,2012,32.4,63.7,14.1,2.4,68.1,16.9,353.4,6.0,41.3,13.2,fire
30,04,2012,24.5,83.2,19.1,0.0,87.9,63.7,149.0,8.4,137.5,16.5,fire
25,11,2012,25.7,61.2,23.5,0.7,51.4,97.5,206.0,30.0,70.5,10.5,fire
03,10,2012,18.6,36.4,0.4,1.1,53.9,82.6,111.9,8.0,142.6,1.6,not fire
25,08,2012,21.2,22.5,13.1,2.7,25.5,6.0,466.3,9.9,31.5,11.6,fire
29,06,2012,19.6,36.1,11.8,1.0,76.8,37.6,244.1,19.8,50.5,9.2,not fire
18,06,2012,19.1,51.2,16.4,1.6,75.2,92.6,315.2,8.8,31.3,14.1,fire
14,08,2012,27.8,77.0,14.0,0.1,58.8,50.3,367.1,6.5,190.6,22.0,fire
18,07,2012,20.1,34.1,17.2,0.5,21.3,66.2,185.6,4.8,81.1,12.4,fire
02,10,2012,27.6,74.0,16.5,0.5,9.7,91.3,360.1,9.4,67.4,19.9,fire
22,11,2012,16.2,85.0,2.9,2.2,6.4,87.4,338.0,3.2,2.8,8.9,not fire
03,12,2012,17.8,54.0,20.0,0.2,59.3,50.2,352.8,0.6,30.7,14.8,fire
16,10,2012,20.5,81.6,3.1,0.2,82.5,43.8,244.6,24.1,84.2,13.8,fire
29,08,2012,26.9,61.6,17.5,0.4,85.8,34.0,191.5,4.1,13.7,11.5,fire
09,02,2012,28.5,67.8,10.4,0.1,46.4,71.9,111.0,23.3,102.1,17.2,fire
04,09,2012,23.9,59.5,12.8,0.2,78.4,28.7,412.3,23.9,91.0,12.3,fire
01,01,2012,23.9,54.7,22.6,3.4,94.7,25.0,304.2,16.1,153.4,19.0,fire
04,08,2012,29.5,37.6,22.2,0.6,27.5,35.6,222.2,9.3,132.0,7.8,not fire
01,12,2012,15.3,42.7,20.4,1.0,39.8,17.7,472.0,4.4,89.2,7.1,not fire
14,11,2012,21.8,41.7,12.8,1.3,93.1,69.5,23.9,22.1,44.9,17.1,fire
21,12,2012,31.4,62.2,18.4,0.5,33.8,61.6,425.1,18.0,145.4,18.5,fire
16,12,2012,27.1,29.0,12.8,0.2,91.4,48.3,498.8,19.7,141.6,15.2,fire
20,04,2012,21.7,88.8,21.7,0.2,98.1,39.0,443.5,0.3,30.7,22.1,fire
24,04,2012,33.1,74.0,10.1,0.4,66.2,90.9,405.2,27.8,183.0,13.8,fire
08,05,2012,30.5,50.1,24.3,1.0,81.7,2.9,187.2,2.0,12.9,15.8,fire
07,08,2012,20.3,31.9,23.3,0.5,75.0,76.9,115.7,11.0,11.0,12.2,fire
03,05,2012,27.9,86.1,18.5,0.0,70.0,90.2,367.4,12.1,37.5,22.9,fire
17,08,2012,26.9,81.8,7.0,0.7,30.7,44.6,152.3,0.0,181.9,6.6,not fire
01,10,2012,23.0,74.1,3.3,2.5,5.7,55.1,88.0,14.9,104.0,4.6,not fire
16,01,2012,22.3,40.4,21.4,1.7,34.3,94.4,393.3,22.6,157.6,6.8,not fire
12,12,2012,21.9,50.2,4.1,1.7,66.7,21.2,156.3,24.7,45.6,13.1,fire
27,10,2012,27.3,27.7,21.4,1.6,10.3,52.0,457.2,26.4,98.0,12.6,fire
19,09,2012,23.8,34.2,12.3,0.4,1.2,47.5,420.3,14.6,71.7,10.0,not fire
22,06,2012,31.6,78.7,10.2,1.4,14.0,25.8,423.8,18.9,165.6,8.7,not fire
23,03,2012,28.4,73.6,22.6,0.2,71.6,81.9,385.8,2.4,4.5,13.7,fire
22,08,2012,16.4,64.5,15.1,1.1,97.3,90.0,440.4,14.6,48.8,16.4,fire
14,09,2012,27.8,87.2,14.4,1.0,98.3,78.2,402.9,4.6,30.5,18.2,fire
30,06,2012,20.4,63.7,14.0,0.0,49.4,19.5,301.3,11.1,171.8,11.5,fire
06,11,2012,26.9,55.0,9.3,1.6,86.9,8.7,147.9,9.9,93.5,15.6,fire
06,07,2012,28.6,45.5,19.6,2.3,73.7,60.5,444.1,12.7,80.8,25.1,fire
13,01,2012,19.6,90.5,6.3,0.3,50.1,5.7,420.3,17.1,89.9,9.8,not fire
19,05,2012,24.1,26.2,23.5,1.7,57.3,67.3,236.4,27.1,194.4,16.3,fire
22,05,2012,18.8,89.8,22.3,0.1,13.7,53.0,19.5,11.8,170.1,8.4,not fire
08,10,2012,16.0,82.0,8.4,0.9,93.8,66.3,319.3,29.4,141.3,14.9,fire
27,04,2012,22.6,29.7,18.2,0.7,35.2,59.0,25.3,22.8,58.1,13.2,fire
27,06,2012,22.3,62.4,14.3,0.8,44.6,42.3,463.1,15.3,33.0,9.2,not fire
02,07,2012,34.9,85.0,8.4,2.6,67.2,20.1,480.8,19.3,184.3,14.8,fire
21,09,2012,23.9,62.9,24.7,2.1,33.4,30.6,94.7,3.1,84.6,15.5,fire
30,01,2012,21.7,88.0,0.6,1.5,25.4,52.5,338.2,25.3,55.8,7.6,not fire
01,06,2012,26.6,90.7,6.3,0.3,63.1,65.2,46.1,17.5,94.2,17.2,fire
28,07,2012,16.8,51.7,13.0,2.4,2.5,77.9,364.8,29.6,183.6,0.0,not fire
15,03,2012,34.2,48.3,13.0,0.1,72.1,76.7,173.6,19.1,77.4,17.3,fire
01,08,2012,27.7,90.2,14.7,1.9,51.4,97.3,340.5,25.0,112.5,13.6,fire
05,05,2012,30.1,70.6,18.8,0.4,60.6,28.6,186.4,24.0,160.6,14.6,fire
28,09,2012,18.4,28.7,15.6,0.1,63.2,7.1,72.8,10.4,85.4,9.4,not fire
29,05,2012,23.2,23.2,15.0,1.1,52.7,34.6,203.1,7.8,46.7,12.5,fire
16,09,2012,23.5,62.3,1.3,0.3,58.3,74.3,56.3,12.9,198.9,12.6,fire
19,10,2012,31.4,89.8,9.4,0.3,68.4,43.8,288.4,14.0,191.3,17.5,fire
04,04,2012,15.0,83.3,5.8,0.4,75.3,81.8,20.5,7.2,168.7,6.2,not fire
03,09,2012,21.0,70.7,6.6,0.1,72.7,54.9,263.7,26.8,137.7,15.3,fire
17,05,2012,34.6,30.4,13.9,0.2,87.0,93.0,443.2,16.3,59.0,15.9,fire
17,10,2012,24.5,39.1,5.0,0.0,18.9,94.8,418.9,29.4,182.7,18.0,fire
12,09,2012,22.7,85.7,7.3,0.6,40.1,6.9,441.4,24.3,55.1,4.6,not fire
28,03,2012,17.4,33.7,5.9,0.1,94.8,45.6,461.0,16.7,160.2,20.5,fire
30,04,2012,34.5,40.9,23.7,1.1,39.7,61.0,52.3,28.4,183.7,14.4,fire
29,09,2012,15.4,29.7,23.6,0.3,12.5,25.6,64.4,15.1,120.6,0.0,not fire
14,10,2012,29.7,70.7,15.2,2.9,52.5,40.7,278.5,26.6,160.6,9.4,not fire
21,11,2012,30.4,90.8,23.1,2.0,10.9,67.8,447.0,10.7,158.3,15.0,fire
06,06,2012,19.9,40.2,19.6,0.3,20.3,22.7,487.2,11.4,38.6,11.3,fire
03,02,2012,28.4,55.7,14.7,1.5,99.8,60.2,23.1,12.5,133.6,12.4,fire
28,07,2012,16.9,67.6,0.2,1.6,54.1,69.7,177.9,16.4,18.7,20.4,fire
09,02,2012,20.1,95.0,19.3,4.3,28.4,9.0,106.4,16.6,101.6,7.5,not fire
05,11,2012,30.8,27.9,17.6,0.9,99.5,49.8,378.0,14.9,32.4,23.3,fire
24,02,2012,32.3,57.4,15.4,0.1,96.7,26.3,320.1,9.2,83.3,11.6,fire
29,11,2012,27.2,48.9,19.0,1.0,44.1,72.4,59.9,27.8,166.6,11.7,fire
17,01,2012,25.1,84.9,12.8,1.0,26.0,19.0,241.8,17.7,197.4,11.0,fire
14,11,2012,18.2,55.7,17.6,1.0,83.8,89.2,342.7,12.2,63.6,15.2,fire
21,11,2012,16.3,28.3,23.4,0.4,71.6,43.1,389.5,19.5,106.4,0.0,not fire
31,12,2012,17.4,67.6,9.4,2.0,68.7,19.8,10.0,23.0,102.3,10.8,fire
03,11,2012,19.5,77.8,17.7,3.2,89.3,43.8,445.2,28.8,190.9,5.8,not fire
28,03,2012,21.8,20.2,11.9,0.2,68.9,40.9,284.6,15.0,95.7,8.3,not fire
01,06,2012,22.6,84.4,16.9,0.1,28.4,42.9,406.0,3.4,139.8,2.6,not fire
20,08,2012,21.9,34.0,19.1,0.2,69.4,58.6,404.0,13.2,184.4,20.2,fire
31,09,2012,19.8,61.4,1.1,1.7,30.6,52.1,94.9,14.4,74.7,17.1,fire
29,07,2012,25.2,51.2,16.2,1.1,75.9,15.0,55.1,26.9,180.4,15.6,fire
21,04,2012,31.5,74.0,5.7,1.0,62.0,6.6,360.6,11.8,183.5,11.9,fire
23,06,2012,20.6,47.8,16.8,0.5,7.7,72.9,78.2,28.6,186.1,9.3,not fire
01,05,2012,33.8,85.2,11.7,0.9,51.3,56.0,425.0,14.6,54.1,20.6,fire
03,08,2012,32.5,74.8,19.3,0.4,34.3,35.9,363.1,29.2,80.1,2.4,not fire
18,01,2012,18.2,68.6,3.1,0.6,32.9,80.8,420.9,0.2,174.1,5.6,not fire
25,01,2012,30.7,79.7,15.7,1.6,60.2,38.8,149.5,27.0,71.8,19.7,fire
10,11,2012,26.5,76.6,7.0,4.0,32.2,79.6,158.3,27.9,120.1,19.1,fire
31,06,2012,26.3,22.7,21.3,2.7,77.7,30.6,335.6,28.8,23.6,18.1,fire
22,10,2012,22.8,49.6,23.2,2.7,7.1,7.3,15.7,0.4,11.3,0.4,not fire
26,12,2012,25.0,89.8,24.9,0.5,66.0,93.3,363.2,5.2,82.4,21.3,fire
03,02,2012,22.9,29.4,19.9,0.6,80.9,39.5,417.9,19.6,115.8,21.9,fire
08,05,2012,25.8,75.3,18.8,1.2,67.3,79.3,207.6,0.8,78.5,19.5,fire
14,01,2012,27.6,93.1,5.4,2.6,49.7,27.9,382.4,1.9,115.5,0.0,not fire
24,07,2012,28.5,23.9,8.4,0.2,95.0,64.6,87.3,6.6,103.0,19.2,fire
18,01,2012,25.6,71.2,11.6,0.4,30.0,87.3,161.1,15.4,137.1,15.7,fire
15,04,2012,29.4,55.1,19.3,0.1,1.9,4.2,487.2,16.4,129.9,4.0,not fire
22,09,2012,17.8,63.4,22.9,0.9,43.2,83.1,493.2,1.0,84.8,13.0,fire
23,01,2012,19.2,26.4,4.7,0.4,3.3,57.1,256.3,5.1,85.0,4.6,not fire
02,04,2012,31.4,23.2,23.1,0.4,95.4,60.7,467.1,15.0,28.2,14.8,fire
31,06,2012,21.5,70.0,17.4,0.1,21.0,52.3,261.4,17.8,102.6,16.9,fire
27,06,2012,15.5,81.7,15.3,0.4,78.9,87.4,145.8,4.5,117.4,16.5,fire
10,12,2012,18.1,78.7,5.0,2.0,77.5,4.3,133.4,12.0,95.3,6.3,not fire
02,08,2012,19.5,60.8,1.4,0.3,21.8,26.1,464.8,27.1,65.1,1.0,not fire
26,01,2012,34.1,27.5,14.2,1.2,62.1,87.6,86.2,30.0,144.3,13.7,fire
17,07,2012,26.5,71.6,16.3,1.0,4.8,75.2,289.8,29.6,14.9,5.8,not fire
08,01,2012,33.7,38.1,5.3,2.0,48.4,1.8,277.8,26.5,182.9,12.9,fire
01,07,2012,26.5,88.3,13.9,0.1,1.5,51.7,369.8,11.8,4.1,10.7,fire
09,03,2012,24.6,82.9,21.4,3.8,92.1,53.0,249.6,20.6,192.5,19.6,fire
11,11,2012,21.3,73.2,20.9,0.9,97.6,40.1,136.1,12.5,92.5,12.5,fire
22,08,2012,27.1,91.2,23.2,5.4,22.2,29.7,84.7,19.5,82.5,14.1,fire
16,03,2012,17.8,22.4,9.1,2.4,20.8,68.2,310.4,9.3,51.3,15.4,fire
07,01,2012,33.0,75.2,8.0,0.3,75.4,20.8,359.5,18.2,2.0,14.2,fire
29,08,2012,31.6,44.8,18.7,0.1,25.3,79.9,284.8,15.7,55.0,8.0,not fire
10,03,2012,21.4,88.0,10.8,0.3,89.5,80.3,369.2,0.7,21.9,17.8,fire
23,02,2012,34.1,40.0,2.2,0.7,57.4,41.5,70.8,23.7,132.0,25.9,fire
26,01,2012,31.5,74.4,7.1,0.2,35.1,28.4,441.2,0.4,63.8,5.9,not fire
03,03,2012,28.3,85.8,10.5,0.2,83.3,28.4,291.2,8.8,153.4,13.0,fire
18,02,2012,17.4,23.1,7.3,0.6,49.3,48.2,63.4,0.2,41.4,11.1,fire
25,02,2012,24.6,49.8,8.3,0.0,91.2,72.0,231.0,11.3,180.0,20.6,fire
24,06,2012,25.1,77.2,7.3,0.1,92.8,35.9,422.4,1.9,104.6,6.2,not fire
13,12,2012,19.7,54.1,1.0,0.5,16.5,61.0,448.8,27.4,22.9,15.7,fire
28,01,2012,16.6,40.0,15.9,0.1,0.2,38.2,132.3,12.5,80.2,12.0,fire
26,02,2012,30.5,36.5,14.9,0.5,98.4,30.5,355.6,13.8,41.4,15.6,fire
07,06,2012,17.4,29.9,16.3,0.6,90.6,2.5,50.0,10.5,39.9,26.4,fire
25,03,2012,26.9,84.3,4.8,0.6,5.5,0.4,16.8,18.8,101.3,12.5,fire
04,04,2012,33.7,63.2,7.4,2.0,83.3,22.7,280.2,23.5,134.4,22.6,fire
13,01,2012,32.5,25.7,15.5,0.8,45.8,40.6,347.4,19.4,182.3,19.4,fire
20,08,2012,20.6,48.7,15.0,0.6,25.9,85.1,397.9,22.4,100.4,17.2,fire
01,07,2012,32.0,47.6,12.7,0.5,87.9,79.8,170.1,27.2,193.2,19.6,fire
08,07,2012,15.0,33.6,8.8,1.7,19.7,26.7,3.3,25.9,188.3,6.2,not fire
14,03,2012,15.4,52.7,22.8,2.3,94.7,24.5,239.8,20.2,173.0,9.5,not fire
16,10,2012,27.1,44.9,8.5,1.9,20.6,22.7,7.9,6.4,100.0,5.8,not fire
14,10,2012,22.3,45.6,11.4,1.1,61.4,33.9,46.0,19.1,28.2,11.1,fire
12,03,2012,22.7,75.4,17.0,0.1,22.3,49.8,163.3,15.2,43.6,9.9,not fire
19,02,2012,26.3,36.7,13.6,0.3,54.6,43.9,218.6,21.5,129.5,21.3,fire
23,12,2012,18.8,68.1,8.7,0.0,68.4,21.8,139.7,25.0,84.4,1.7,not fire
15,01,2012,19.2,62.8,10.9,2.7,19.0,13.0,290.9,22.3,29.4,13.6,fire
28,07,2012,24.7,62.6,19.9,1.1,52.1,1.3,27.7,25.4,95.8,5.7,not fire
02,07,2012,30.1,69.7,7.0,1.4,46.9,15.4,72.3,1.9,3.5,11.0,fire
02,12,2012,27.4,61.1,3.6,0.4,7.1,70.5,347.6,0.9,146.8,6.1,not fire
23,02,2012,20.9,85.9,7.8,1.9,81.8,24.4,71.1,7.8,14.7,23.0,fire
31,07,2012,23.6,70.7,21.2,0.3,33.6,46.9,319.9,27.0,125.8,8.5,not fire
22,08,2012,18.4,61.0,2.2,0.0,57.5,59.1,27.3,24.7,158.6,15.5,fire
19,01,2012,16.5,82.2,24.8,0.5,51.5,88.7,203.7,20.5,26.5,16.2,fire
25,09,2012,30.7,65.5,13.5,0.8,51.3,88.9,88.7,21.0,103.7,10.3,fire
26,07,2012,20.3,41.8,24.6,0.7,10.7,74.6,54.8,21.8,155.8,8.8,not fire
31,03,2012,18.6,35.5,23.5,2.0,42.3,3.5,283.5,28.3,52.1,14.7,fire
30,08,2012,28.8,31.4,11.3,0.1,45.2,57.5,464.2,25.0,32.6,9.3,not fire
29,07,2012,27.4,87.5,5.0,0.8,73.4,78.7,27.4,18.7,67.4,21.3,fire
22,11,2012,27.7,73.3,4.1,0.7,84.0,1.7,210.8,20.0,110.9,12.8,fire
26,08,2012,19.6,90.3,6.0,0.3,54.5,55.0,353.8,6.4,115.1,18.1,fire
26,06,2012,19.7,65.2,17.8,1.7,8.7,85.8,231.3,19.7,26.2,18.2,fire
22,09,2012,19.4,55.5,6.8,1.4,23.7,47.4,403.2,12.7,91.5,0.0,not fire
17,05,2012,18.5,24.5,8.5,1.3,16.5,0.4,89.8,4.6,53.7,0.0,not fire
20,03,2012,28.1,70.4,11.2,2.1,12.5,1.1,479.8,24.2,168.4,5.2,not fire
10,03,2012,32.0,63.7,22.8,1.3,36.6,41.7,192.6,15.3,62.7,19.8,fire
06,01,2012,29.5,94.3,4.7,0.3,22.9,15.5,170.8,29.3,167.7,12.2,fire
15,12,2012,30.8,37.9,0.1,1.2,21.8,66.4,437.3,8.5,85.7,5.6,not fire
22,08,2012,23.1,59.8,1.5,0.4,5.5,70.9,281.9,14.4,145.3,12.4,fire
11,02,2012,28.1,68.8,22.6,0.3,1.8,17.8,258.2,13.4,102.0,2.4,not fire
28,03,2012,22.1,68.3,16.2,0.1,10.3,88.9,363.5,3.6,124.4,14.3,fire
05,08,2012,25.5,62.1,6.8,1.4,17.2,44.2,289.9,12.8,79.1,12.0,fire
01,08,2012,24.6,78.3,4.4,1.2,43.1,14.3,81.3,8.6,153.6,5.5,not fire
08,11,2012,18.5,35.4,7.4,0.3,51.1,76.4,337.1,4.8,85.0,12.4,fire
21,04,2012,22.7,74.4,2.9,1.4,14.1,79.0,66.7,8.5,91.5,16.2,fire
28,04,2012,34.3,66.5,23.5,2.5,42.5,63.9,402.9,7.0,103.5,5.0,not fire
12,05,2012,20.0,87.2,19.6,0.1,34.2,85.3,494.9,22.0,166.4,13.6,fire
12,06,2012,17.7,83.5,11.6,0.3,18.3,73.7,188.7,0.9,131.9,3.5,not fire
05,05,2012,23.4,43.6,21.6,1.4,0.7,88.2,222.4,18.5,69.8,9.4,not fire
07,07,2012,30.8,40.7,6.2,0.3,46.7,43.4,23.2,22.8,134.1,15.7,fire
04,02,2012,26.6,93.6,17.9,1.0,68.6,74.8,6.9,14.4,128.5,26.3,fire
06,07,2012,28.6,59.5,21.4,0.1,22.6,100.0,460.7,27.9,186.2,13.4,fire
13,10,2012,18.8,88.0,8.9,0.6,13.2,72.5,64.3,21.2,168.3,16.5,fire
20,07,2012,27.4,32.3,18.9,1.3,88.7,11.4,222.9,22.4,129.5,11.2,fire
30,01,2012,21.5,68.2,7.4,1.2,27.5,51.8,407.7,5.9,68.3,7.3,not fire
15,07,2012,31.7,80.7,7.5,1.7,22.4,58.7,444.7,23.3,155.9,14.9,fire
03,05,2012,27.6,91.1,2.7,2.1,85.7,17.4,259.7,25.0,115.0,16.5,fire
23,03,2012,19.0,45.3,11.0,1.5,81.7,96.3,282.5,10.8,197.1,15.4,fire
08,03,2012,16.3,74.4,18.2,1.1,44.8,17.6,334.8,6.4,49.5,7.0,not fire
20,04,2012,15.9,60.4,23.5,0.0,48.9,17.8,480.7,11.6,15.9,15.8,fire
16,12,2012,22.4,24.5,15.1,0.8,21.8,91.5,301.3,22.2,14.0,10.2,fire
13,02,2012,20.3,71.7,21.6,0.0,7.8,46.5,279.7,12.5,128.0,2.3,not fire
18,02,2012,27.9,71.8,20.6,1.7,57.3,6.3,7.3,22.1,187.9,7.8,not fire
28,01,2012,25.0,89.8,4.3,0.4,9.8,59.8,40.5,3.4,0.4,12.4,fire
10,05,2012,20.3,57.3,12.1,0.8,44.9,60.2,288.6,24.2,145.2,23.3,fire
30,04,2012,18.0,37.3,2.9,0.3,94.0,6.5,468.1,7.6,131.4,10.9,fire
19,11,2012,17.5,23.3,17.1,1.5,95.3,97.3,433.3,7.5,146.5,28.8,fire
17,10,2012,32.3,51.2,23.7,2.2,23.9,54.4,491.3,17.7,71.1,11.9,fire
24,02,2012,19.9,42.6,3.4,0.5,62.4,56.0,263.9,2.1,164.1,11.7,fire
31,03,2012,28.0,77.1,18.3,2.0,47.4,52.0,394.0,0.8,8.9,8.4,not fire
19,07,2012,31.2,46.6,15.8,0.3,87.6,61.1,420.2,7.8,151.1,17.2,fire
28,07,2012,27.3,91.2,14.6,0.8,27.1,26.4,324.0,16.1,53.4,6.0,not fire
26,12,2012,32.2,92.2,9.8,2.0,0.4,28.7,169.4,27.2,95.4,4.3,not fire
23,04,2012,22.8,66.6,8.9,0.4,16.3,51.1,235.0,25.4,164.5,1.0,not fire
26,05,2012,34.1,89.6,1.1,3.1,35.0,80.7,429.0,14.7,54.3,23.5,fire
05,05,2012,17.7,77.1,5.4,0.1,31.6,5.0,149.3,1.1,37.0,12.3,fire
26,06,2012,17.0,61.0,0.4,0.0,79.1,60.3,461.9,16.1,136.3,16.0,fire
21,09,2012,28.2,33.5,14.5,2.3,68.1,80.7,114.9,21.1,106.7,16.2,fire
30,02,2012,33.9,54.4,2.6,0.1,30.0,15.7,374.8,10.2,102.9,10.7,fire
23,05,2012,31.2,62.1,21.8,4.8,45.8,1.5,315.3,3.3,51.4,7.1,not fire
31,12,2012,16.5,84.8,13.1,3.0,9.6,31.3,374.8,8.4,7.0,0.3,not fire
09,03,2012,20.6,56.1,17.5,0.1,89.8,58.8,218.7,23.1,82.1,20.1,fire
12,04,2012,33.6,87.3,10.3,0.8,93.5,13.8,466.3,10.5,21.3,15.7,fire
21,10,2012,20.1,70.6,14.0,0.2,98.0,42.6,316.2,24.4,181.2,18.1,fire
01,06,2012,30.6,30.3,23.6,0.6,86.9,55.2,144.1,9.6,8.3,9.5,not fire
26,12,2012,31.5,94.6,2.1,0.1,17.4,59.9,319.2,4.9,86.3,9.6,not fire
26,08,2012,24.9,59.5,6.3,0.3,4.6,27.4,143.4,13.1,10.4,1.3,not fire
01,01,2012,22.7,49.4,19.5,0.5,58.0,40.0,146.8,13.6,19.1,15.0,fire
15,10,2012,24.0,69.4,2.5,0.6,91.3,77.8,199.8,0.5,131.8,22.8,fire
02,08,2012,19.5,28.2,1.9,3.8,17.7,94.1,426.2,3.5,129.4,17.8,fire
30,11,2012,32.8,67.7,9.0,1.6,0.7,86.2,250.1,5.5,6.6,7.9,not fire
22,07,2012,24.0,57.4,2.3,1.3,80.5,56.4,339.5,3.4,0.2,10.1,fire
16,01,2012,32.6,50.5,14.6,0.8,7.7,41.0,196.0,10.2,15.8,7.5,not fire
25,02,2012,17.1,91.5,5.7,1.8,41.4,33.3,131.8,28.9,152.6,6.3,not fire
08,03,2012,34.8,59.2,22.4,0.4,67.9,12.5,477.3,15.3,116.9,16.8,fire
13,01,2012,23.9,36.4,19.6,1.2,23.7,10.7,301.8,18.8,7.6,1.0,not fire
21,09,2012,16.0,54.4,17.5,5.1,8.4,68.8,467.0,10.7,97.6,0.0,not fire
01,08,2012,15.8,89.0,15.4,0.4,77.0,26.0,101.7,9.7,142.4,10.6,fire
16,02,2012,29.9,33.2,21.6,1.1,63.0,25.5,73.4,0.7,173.8,17.2,fire
29,09,2012,28.2,36.0,5.6,1.9,98.8,99.8,427.9,15.0,186.8,15.7,fire
07,07,2012,31.0,21.0,21.8,2.5,34.4,18.8,340.5,14.5,65.5,15.1,fire
31,09,2012,17.1,21.1,19.7,1.3,6.2,14.8,93.3,4.7,27.2,6.7,not fire
05,06,2012,15.7,82.2,18.7,0.3,73.4,9.9,134.7,22.9,47.4,19.2,fire
22,06,2012,25.2,74.9,14.0,0.4,52.2,58.0,400.3,14.8,155.2,9.4,not fire
29,11,2012,22.8,46.6,6.2,0.0,21.3,62.8,226.9,10.2,194.3,2.0,not fire
23,04,2012,24.2,72.4,10.6,1.4,78.2,36.5,335.3,4.4,93.3,17.6,fire
03,10,2012,34.8,49.6,19.8,0.0,20.4,53.5,159.2,16.6,61.1,13.4,fire
12,10,2012,34.4,91.5,0.8,2.0,26.1,78.8,190.6,22.6,85.8,14.9,fire
26,02,2012,33.8,92.5,19.6,0.1,9.3,81.8,495.4,8.5,61.0,6.7,not fire
16,07,2012,30.7,49.5,6.0,0.2,39.9,95.8,123.8,6.6,51.3,18.9,fire
19,05,2012,22.1,84.1,3.6,0.6,41.9,82.4,253.2,15.7,118.8,9.9,not fire
05,11,2012,23.2,78.0,2.9,1.3,51.5,56.5,422.2,4.7,3.1,13.7,fire
22,06,2012,26.0,43.2,0.7,0.1,70.9,18.0,119.6,20.0,51.9,11.3,fire
25,02,2012,31.6,37.4,13.1,0.6,90.6,10.0,207.6,18.2,132.3,18.0,fire
29,05,2012,16.4,54.4,5.5,0.7,13.8,5.5,307.5,2.6,6.4,0.0,not fire
14,10,2012,23.5,78.6,24.7,0.2,5.4,66.7,240.6,1.1,16.6,11.1,fire
28,04,2012,16.7,92.0,14.4,0.1,1.9,80.8,229.8,18.6,58.7,11.2,fire
05,09,2012,25.3,77.3,3.4,1.8,14.4,50.9,181.3,8.8,175.6,9.8,not fire
15,06,2012,33.0,84.1,17.2,0.7,65.8,5.5,293.3,2.6,153.0,21.7,fire
17,02,2012,30.6,65.2,22.4,0.0,72.7,53.5,312.2,22.8,4.4,17.6,fire
30,01,2012,19.6,82.7,18.6,1.6,78.7,93.6,326.6,9.4,100.3,21.2,fire
14,05,2012,34.5,78.8,1.9,4.0,24.4,59.8,35.2,13.8,54.9,13.1,fire
30,09,2012,28.3,48.3,22.4,0.9,30.6,80.9,315.5,7.1,129.7,17.1,fire
20,06,2012,15.2,61.4,19.8,0.7,48.3,80.0,476.6,18.8,144.3,4.6,not fire
05,10,2012,20.1,80.4,4.0,2.1,6.3,93.2,270.5,9.0,172.6,9.7,not fire
12,12,2012,20.2,23.5,1.3,3.0,61.1,77.0,357.6,29.0,95.1,9.0,not fire
16,07,2012,16.4,80.6,13.9,1.4,98.4,74.8,278.4,21.1,198.9,18.0,fire
26,05,2012,34.2,33.3,3.9,0.6,36.1,23.4,427.4,4.1,196.0,13.6,fire
26,10,2012,24.6,58.6,20.9,0.9,75.3,6.0,464.8,12.5,176.4,17.0,fire
16,06,2012,32.9,80.6,9.0,1.2,50.0,51.8,92.1,11.6,115.0,16.9,fire
21,05,2012,21.4,39.0,22.8,0.2,12.8,12.4,218.4,16.0,79.6,4.8,not fire
07,11,2012,17.5,38.4,14.1,0.6,58.2,96.2,196.2,25.3,72.9,10.9,fire
04,09,2012,24.5,50.2,4.6,1.8,30.0,29.0,202.6,17.5,2.4,0.0,not fire
01,06,2012,17.3,87.1,3.5,1.1,3.4,85.3,62.8,1.8,49.8,8.4,not fire
30,11,2012,24.7,20.0,14.4,0.5,63.5,38.8,406.8,19.7,143.8,19.3,fire
30,08,2012,33.4,87.6,19.0,1.1,85.9,32.3,17.9,0.2,120.7,17.4,fire
05,02,2012,25.4,31.5,19.5,0.1,34.5,93.5,264.1,23.4,183.3,13.3,fire
23,12,2012,27.3,94.3,6.9,0.5,39.0,36.3,330.9,20.0,10.0,12.3,fire
26,09,2012,18.1,91.6,5.1,1.6,89.1,39.0,103.7,9.3,31.1,12.7,fire
10,05,2012,15.9,57.1,0.4,0.2,81.4,10.6,452.9,8.8,157.8,13.0,fire
22,07,2012,17.2,58.5,17.0,0.2,71.5,67.0,419.3,23.9,71.7,12.4,fire
05,10,2012,27.0,56.1,1.9,3.0,24.9,28.9,235.5,23.5,23.7,5.3,not fire
04,01,2012,16.9,67.7,10.5,0.2,91.0,58.6,205.6,10.6,199.3,15.2,fire
02,10,2012,22.5,26.8,15.0,0.3,15.4,59.1,118.3,9.0,157.5,8.7,not fire
20,05,2012,26.0,22.4,23.4,3.5,62.7,71.9,365.0,16.8,81.7,24.8,fire
31,12,2012,22.8,24.3,7.8,1.3,2.9,74.5,65.9,0.3,164.7,4.5,not fire
10,10,2012,18.3,53.3,6.2,1.2,64.4,51.4,340.1,2.5,136.1,11.9,fire
26,02,2012,20.5,40.7,16.4,1.9,27.7,33.1,421.2,3.8,158.0,7.3,not fire
19,12,2012,33.6,66.7,15.5,0.1,45.0,83.7,114.2,5.6,163.0,13.3,fire
26,06,2012,28.5,94.4,8.3,1.2,34.5,31.0,433.2,15.4,16.9,13.6,fire
01,11,2012,24.9,49.0,23.2,0.7,17.3,50.8,16.7,29.8,124.6,21.0,fire
24,01,2012,15.3,63.0,21.1,1.8,62.2,40.1,456.4,19.6,1.4,10.1,fire
05,03,2012,34.8,51.2,5.6,0.7,88.2,85.5,59.2,1.8,8.7,22.7,fire
13,05,2012,28.4,83.5,6.0,1.0,95.9,43.2,322.9,15.8,180.8,8.2,not fire
04,04,2012,21.3,87.7,12.8,0.6,19.2,38.6,125.0,14.9,105.5,6.5,not fire
16,03,2012,32.6,85.8,19.3,0.7,71.7,69.0,418.3,4.3,147.2,25.0,fire
24,10,2012,20.2,93.1,1.1,1.5,66.4,60.2,256.2,27.6,167.7,14.0,fire
16,05,2012,25.9,22.1,17.3,1.0,34.3,10.7,67.6,13.2,189.9,11.9,fire
23,11,2012,27.7,83.0,16.2,1.0,1.9,50.8,285.5,29.8,173.9,5.8,not fire
02,08,2012,19.4,76.4,5.8,0.6,69.0,73.5,203.9,12.6,96.7,16.0,fire
17,11,2012,34.6,37.2,17.0,0.8,94.5,99.2,330.7,18.2,67.2,29.9,fire
28,04,2012,30.0,91.7,23.5,1.4,63.2,62.9,441.0,3.1,30.9,9.7,not fire
27,01,2012,26.2,31.1,1.2,1.7,43.5,37.0,204.7,13.6,80.1,22.6,fire
20,11,2012,18.6,71.0,8.0,1.2,52.5,22.6,144.9,7.2,73.3,2.5,not fire
24,07,2012,16.1,36.9,11.0,2.6,20.0,87.3,7.3,25.1,111.9,7.6,not fire
12,08,2012,21.4,52.4,22.5,1.7,75.1,81.5,287.4,23.5,133.1,12.1,fire
18,03,2012,30.1,73.9,24.1,0.8,74.6,23.4,201.1,24.7,195.7,13.8,fire
03,06,2012,20.4,62.2,11.1,1.1,14.6,20.1,187.3,21.7,145.7,2.7,not fire
28,02,2012,25.8,52.1,18.8,2.6,87.8,71.5,91.5,25.0,128.7,13.4,fire
01,07,2012,29.6,44.5,13.3,1.0,26.9,31.5,215.0,6.0,67.0,4.4,not fire
01,08,2012,17.2,83.0,13.4,1.7,98.2,30.6,492.2,13.6,6.9,18.3,fire
29,06,2012,28.7,30.8,7.0,1.2,38.3,15.2,148.9,20.8,57.6,9.6,not fire
19,06,2012,16.8,52.3,5.4,0.8,17.8,26.4,299.9,19.1,153.7,4.4,not fire
11,05,2012,34.3,87.8,7.2,0.3,35.2,42.8,388.2,21.5,41.1,14.4,fire
05,08,2012,24.8,83.4,13.9,0.6,44.0,73.3,374.6,6.7,142.4,5.7,not fire
12,01,2012,18.0,50.1,0.7,3.4,6.9,33.6,164.4,3.0,116.0,7.6,not fire
03,10,2012,21.8,77.2,22.7,1.1,57.8,32.9,305.4,27.5,34.4,11.9,fire
01,04,2012,23.3,81.7,3.9,0.8,59.8,28.5,435.6,16.8,52.3,12.1,fire
01,04,2012,30.2,86.7,5.5,2.7,73.9,47.8,7.7,4.6,99.3,18.5,fire
08,03,2012,29.9,60.8,13.0,0.9,2.9,18.1,217.9,23.8,83.7,15.9,fire
10,03,2012,27.2,35.3,17.8,0.7,54.1,48.6,112.1,27.4,155.7,15.5,fire
11,04,2012,17.1,39.1,2.4,1.4,5.3,70.4,194.3,5.1,146.9,6.6,not fire
12,11,2012,18.0,42.2,7.9,1.2,70.1,3.0,208.0,24.5,114.9,5.3,not fire
29,01,2012,16.9,64.5,24.2,0.2,5.6,1.0,373.3,28.0,164.5,0.0,not fire
13,11,2012,26.5,22.5,6.6,0.6,91.2,7.5,46.9,28.2,112.5,16.0,fire
12,11,2012,32.5,67.7,7.8,0.6,70.2,53.6,256.3,27.4,192.9,10.5,fire
31,02,2012,23.7,47.3,20.9,0.5,50.7,85.4,282.1,16.4,43.4,1.7,not fire
14,09,2012,18.2,42.1,1.3,0.7,44.2,0.5,247.1,10.7,142.8,6.5,not fire
02,10,2012,26.2,86.0,11.6,0.5,13.1,93.7,365.9,0.2,74.0,12.4,fire
29,02,2012,31.2,54.5,9.5,0.2,29.1,10.6,191.9,1.8,55.8,13.4,fire
19,05,2012,29.8,27.1,7.9,0.5,86.9,84.2,472.5,12.9,36.1,24.4,fire
18,09,2012,32.6,82.0,7.1,0.1,90.4,48.3,240.9,12.0,110.5,22.6,fire
03,09,2012,20.6,23.6,2.3,0.9,0.1,65.9,285.6,5.5,43.1,12.0,fire
23,08,2012,18.9,74.5,7.9,1.9,59.4,51.1,412.8,11.9,40.1,5.2,not fire
17,01,2012,32.6,78.0,1.1,1.3,71.9,47.7,137.6,5.2,198.1,15.5,fire
26,01,2012,28.2,46.4,19.5,0.4,61.9,83.5,37.6,25.5,160.3,19.4,fire
08,09,2012,21.2,81.9,10.0,0.1,8.2,75.6,353.9,8.9,149.7,9.3,not fire
29,11,2012,29.8,58.7,11.1,0.2,21.8,48.3,241.5,18.0,158.8,10.1,fire
26,08,2012,31.3,54.7,22.3,0.8,25.0,11.2,448.3,15.1,193.8,9.8,not fire
10,10,2012,27.3,23.4,16.5,0.2,83.2,11.5,491.3,1.6,114.7,15.6,fire
26,09,2012,28.8,41.8,0.2,0.8,46.3,80.2,199.6,28.3,44.0,14.6,fire
30,07,2012,22.5,89.8,23.6,0.3,48.7,52.9,207.7,15.8,172.4,8.1,not fire
02,03,2012,25.8,49.4,5.9,1.9,93.5,48.2,204.0,9.8,148.5,8.6,not fire
19,03,2012,25.5,61.0,2.7,0.5,63.7,68.1,162.3,4.7,82.9,13.9,fire
09,02,2012,32.0,59.9,19.2,0.3,89.9,85.9,390.8,10.2,94.7,20.2,fire
07,05,2012,31.8,64.3,12.5,1.7,45.7,62.9,379.5,0.6,82.3,14.3,fire
04,12,2012,31.7,24.6,10.8,0.4,14.9,76.3,239.3,10.9,186.0,16.6,fire
26,12,2012,15.2,47.2,6.2,0.1,93.0,76.5,22.3,15.9,68.7,22.1,fire
21,03,2012,30.0,74.2,13.7,0.8,45.9,35.6,154.8,26.2,192.7,12.4,fire
18,06,2012,30.2,35.0,6.9,0.9,18.2,27.4,146.2,20.6,182.1,9.1,not fire
13,02,2012,28.6,35.3,22.5,1.3,30.2,80.1,405.5,3.3,126.1,15.7,fire
11,12,2012,30.1,20.8,5.4,0.3,5.1,37.7,43.8,4.4,116.0,10.6,fire
29,03,2012,31.8,52.8,22.1,0.6,46.8,90.3,402.8,12.8,74.0,13.6,fire
24,05,2012,24.4,86.2,14.0,0.3,85.3,7.0,334.6,5.9,3.7,17.2,fire
04,12,2012,25.0,23.9,20.7,0.1,93.4,5.8,366.2,0.8,25.5,13.9,fire
25,11,2012,17.5,34.3,17.8,2.1,93.3,92.7,216.1,24.2,150.8,17.3,fire
21,11,2012,22.7,43.3,17.4,1.3,12.5,64.8,339.9,0.6,94.3,11.2,fire
29,01,2012,27.9,74.9,8.1,0.4,38.2,38.0,304.5,24.9,30.0,10.3,fire
25,01,2012,30.6,68.0,5.8,0.9,2.8,75.5,384.5,4.3,52.8,10.7,fire
04,10,2012,19.3,51.2,5.3,0.2,85.5,67.2,223.4,29.2,189.6,17.9,fire
10,09,2012,17.8,76.9,21.4,2.2,35.9,53.1,236.4,18.1,73.4,14.2,fire
05,07,2012,28.3,65.7,20.5,0.1,63.1,9.9,321.8,22.0,181.5,16.6,fire
09,01,2012,15.0,87.2,11.0,0.0,71.5,81.2,54.0,3.3,60.9,15.6,fire
24,12,2012,18.6,81.4,3.3,0.7,43.0,86.6,218.1,25.9,108.6,0.0,not fire
03,08,2012,15.6,39.0,9.6,0.9,30.6,17.2,486.0,25.2,4.1,8.8,not fire
17,03,2012,18.3,40.4,15.5,0.9,96.2,85.1,18.8,19.6,104.4,19.9,fire
03,08,2012,18.6,29.4,11.4,0.1,96.4,87.8,158.0,15.1,127.4,21.1,fire
16,05,2012,22.8,45.3,19.5,0.4,28.9,54.9,157.1,21.6,46.9,5.8,not fire
04,01,2012,23.0,95.0,24.9,0.7,48.0,65.6,316.7,0.2,115.8,2.1,not fire
18,07,2012,32.5,50.4,4.8,0.2,97.3,38.2,52.9,17.8,129.4,22.5,fire
17,05,2012,25.2,36.5,11.5,2.1,0.5,28.2,314.3,25.4,137.4,0.9,not fire
07,06,2012,29.5,77.2,10.8,0.1,41.3,72.2,47.5,10.7,155.3,20.0,fire
24,06,2012,17.1,60.7,7.6,0.7,10.0,86.2,47.5,3.2,62.3,5.9,not fire
23,08,2012,19.5,31.2,5.0,1.2,50.9,65.4,364.1,12.6,113.6,7.4,not fire
30,09,2012,29.1,48.6,1.6,0.3,2.5,51.2,162.1,21.8,196.3,10.8,fire
05,02,2012,16.1,51.1,22.2,1.0,40.7,15.9,488.7,3.2,179.6,11.2,fire
12,09,2012,24.7,76.5,10.5,1.8,22.1,5.3,18.7,6.2,190.5,10.3,fire
17,12,2012,27.0,21.6,12.4,0.2,53.3,44.6,222.6,4.4,77.2,15.6,fire
23,11,2012,27.0,40.2,22.9,2.5,99.6,4.9,56.6,23.9,157.4,12.6,fire
13,10,2012,15.5,58.8,19.4,0.8,80.1,56.9,175.7,1.9,124.0,6.3,not fire
23,09,2012,21.4,40.2,3.3,0.4,84.6,38.3,499.1,20.6,16.5,13.1,fire
25,10,2012,27.7,67.1,14.1,0.6,63.5,75.7,444.4,11.0,164.8,10.2,fire
03,10,2012,18.0,56.1,11.1,0.4,4.2,30.6,24.2,22.7,135.4,8.2,not fire
09,07,2012,28.9,47.1,19.9,1.3,20.7,59.3,281.6,28.9,39.8,15.8,fire
30,01,2012,29.9,91.2,18.1,1.6,92.5,53.8,323.9,3.4,15.9,18.9,fire
17,07,2012,34.6,67.4,17.3,1.8,36.6,0.5,104.8,9.4,167.4,10.8,fire
17,10,2012,19.2,29.7,8.5,4.3,10.4,7.2,72.6,24.3,15.8,4.2,not fire
30,05,2012,31.5,62.0,20.1,1.6,70.2,29.0,452.2,8.0,18.3,19.8,fire
20,06,2012,25.4,78.6,1.3,0.9,29.9,88.2,484.4,6.5,85.5,3.5,not fire
16,10,2012,22.5,73.1,4.0,0.4,26.9,14.7,495.9,24.8,27.0,2.4,not fire
25,07,2012,17.4,32.9,8.4,0.8,99.8,71.1,394.9,29.6,182.7,26.7,fire
22,05,2012,29.7,92.9,1.9,0.0,85.8,97.3,331.8,16.7,94.1,13.4,fire
13,07,2012,19.7,53.7,5.9,1.4,40.8,79.1,172.9,8.3,113.8,14.8,fire
27,09,2012,22.4,31.9,20.8,0.6,98.0,24.3,85.7,12.0,185.6,19.4,fire
19,03,2012,16.3,33.5,23.7,0.0,65.0,90.8,39.5,5.1,106.1,4.8,not fire
17,08,2012,31.0,27.4,7.6,0.1,74.2,9.3,346.6,22.9,70.7,5.9,not fire
04,02,2012,30.3,80.3,6.6,0.5,3.2,46.8,392.4,23.2,159.4,15.5,fire
12,11,2012,29.7,29.2,7.0,0.9,12.2,88.8,413.2,26.3,88.6,7.2,not fire
29,07,2012,21.0,29.4,6.9,0.6,63.3,64.1,456.9,0.8,63.7,9.0,not fire
09,02,2012,18.5,83.8,0.9,1.0,89.9,41.4,440.0,16.9,144.6,12.5,fire
19,04,2012,27.8,45.8,23.2,0.7,62.4,29.3,499.9,6.4,160.3,8.5,not fire
12,07,2012,24.9,22.3,5.3,1.1,13.4,37.5,122.0,10.2,158.3,11.0,fire
09,03,2012,18.6,23.9,10.5,0.2,11.6,50.9,381.7,23.5,195.5,2.0,not fire
07,02,2012,28.7,30.7,0.2,0.1,84.4,31.9,293.2,5.8,157.3,6.1,not fire
28,11,2012,34.8,36.0,21.4,0.9,13.9,96.9,130.6,19.2,154.0,19.4,fire
14,10,2012,29.9,69.9,18.3,0.7,52.0,93.3,491.0,19.6,171.5,10.6,fire
31,07,2012,29.8,31.8,23.7,0.0,3.7,87.1,448.9,28.6,0.0,7.5,not fire
20,01,2012,34.0,28.9,19.5,0.5,8.1,42.2,64.3,23.3,72.5,14.3,fire
19,08,2012,19.1,77.4,7.8,0.1,67.2,69.1,13.1,24.1,147.5,14.8,fire
26,03,2012,26.3,70.3,6.2,0.8,68.9,90.3,344.2,15.9,119.9,22.5,fire
15,12,2012,34.6,52.6,17.4,0.5,34.1,85.0,302.1,5.6,35.5,18.9,fire
16,12,2012,18.3,61.2,9.1,0.9,21.6,41.4,467.9,12.8,60.7,5.9,not fire
21,02,2012,29.0,43.4,14.2,1.6,81.4,11.2,117.0,16.5,67.4,19.9,fire
05,03,2012,26.7,56.2,0.2,0.4,21.7,7.6,42.2,20.4,113.6,9.1,not fire
03,05,2012,26.7,58.0,1.5,3.3,54.2,57.7,129.6,18.2,166.3,11.0,fire
12,11,2012,29.0,49.0,13.4,0.8,96.8,64.3,9.5,11.8,186.5,20.4,fire
25,08,2012,33.6,88.0,14.2,1.0,14.8,85.0,17.9,8.0,150.0,6.1,not fire
20,10,2012,30.7,21.2,18.8,1.1,94.1,29.3,457.4,5.0,168.6,21.3,fire
27,07,2012,16.1,78.7,3.3,1.1,18.3,16.7,176.0,20.8,94.0,9.8,not fire
21,07,2012,32.1,29.3,12.8,0.7,56.7,37.9,205.4,19.4,78.0,15.0,fire
04,12,2012,19.5,79.8,4.9,0.6,37.7,35.4,9.2,20.6,78.5,0.3,not fire
21,07,2012,22.5,66.2,2.3,0.1,96.5,13.2,135.3,11.2,123.2,20.8,fire
23,08,2012,24.2,83.2,10.3,0.0,27.4,67.2,402.4,7.9,24.8,13.3,fire
16,01,2012,24.6,27.3,4.1,0.4,40.0,50.9,307.7,22.8,115.9,11.8,fire
25,04,2012,23.7,61.9,5.5,0.4,98.3,72.1,376.9,23.2,133.0,17.7,fire
07,06,2012,33.7,57.6,7.9,0.5,53.6,35.3,223.6,13.7,87.8,11.5,fire
13,09,2012,29.1,73.0,6.5,0.1,50.3,32.6,154.9,18.4,190.6,11.1,fire
21,02,2012,27.6,60.1,2.2,1.3,25.8,47.3,241.4,11.2,121.6,14.5,fire
10,01,2012,16.0,60.6,2.2,1.9,70.1,87.7,161.5,21.1,44.0,12.4,fire
26,10,2012,33.1,52.2,4.8,2.8,1.4,4.0,419.5,25.1,95.8,6.1,not fire
07,12,2012,33.2,43.2,1.3,0.7,5.0,80.5,148.8,20.6,135.1,10.9,fire
14,02,2012,30.6,56.2,15.7,1.2,59.9,36.9,329.9,15.4,64.7,13.8,fire
31,07,2012,15.1,28.9,7.2,1.9,34.2,85.5,68.5,13.8,15.9,7.9,not fire
26,03,2012,16.1,92.1,7.0,0.5,95.3,80.2,343.4,19.3,116.7,16.3,fire
05,10,2012,19.5,73.6,8.3,0.4,90.3,34.9,456.6,20.4,189.6,16.8,fire
03,02,2012,17.6,91.4,16.6,2.8,71.4,69.4,304.3,16.8,97.0,9.9,not fire
23,11,2012,23.0,37.0,21.8,0.7,81.8,16.0,279.9,18.7,181.2,13.1,fire
29,07,2012,33.5,86.0,19.0,0.7,66.7,89.6,480.6,2.9,167.0,27.6,fire
11,02,2012,24.4,80.7,18.2,0.2,12.6,40.4,313.7,28.6,29.5,8.4,not fire
11,03,2012,15.3,70.8,12.1,0.1,76.6,45.6,129.8,23.7,141.6,8.8,not fire
18,11,2012,20.7,66.9,17.3,1.8,21.0,70.6,146.2,11.2,87.1,4.7,not fire
15,07,2012,15.9,43.7,13.8,1.0,32.3,82.1,352.7,16.9,50.0,4.5,not fire
12,04,2012,15.7,81.2,5.4,0.4,81.9,23.6,367.7,1.4,137.4,20.7,fire
09,01,2012,20.5,57.6,5.2,0.2,53.7,66.1,151.7,1.2,148.5,17.8,fire
10,05,2012,20.5,25.3,7.4,0.8,86.0,39.2,172.7,7.5,36.0,8.4,not fire
26,12,2012,30.7,43.5,22.8,0.9,21.3,36.9,495.5,20.7,182.9,11.6,fire
12,09,2012,34.5,90.1,13.7,0.2,60.8,69.0,51.0,25.6,150.2,23.1,fire
17,08,2012,22.4,83.8,18.3,1.9,8.4,38.7,202.3,16.8,186.7,7.4,not fire
29,12,2012,23.6,93.6,8.7,0.1,64.3,34.6,31.2,16.0,63.4,10.7,fire
06,09,2012,31.9,67.1,10.2,0.4,76.3,83.6,410.5,12.1,187.9,29.6,fire
07,10,2012,20.4,38.6,3.1,1.1,58.5,10.1,46.2,4.8,73.7,1.0,not fire
14,09,2012,18.1,32.2,4.3,0.3,26.6,67.6,337.0,3.6,10.8,22.9,fire
13,07,2012,32.1,34.0,20.7,1.8,3.1,24.9,28.2,22.8,152.6,8.7,not fire
08,04,2012,15.9,21.5,14.6,1.3,11.9,1.5,336.4,27.8,140.7,11.5,fire
10,05,2012,27.4,49.3,8.4,1.6,62.2,16.7,421.5,13.7,119.6,6.8,not fire
09,01,2012,26.2,34.4,20.1,0.1,93.4,60.7,199.4,19.8,98.0,14.4,fire
18,01,2012,21.9,50.9,6.2,0.2,20.7,70.9,261.1,27.4,6.4,5.1,not fire
27,03,2012,21.3,90.1,24.4,0.3,73.5,2.1,200.8,2.7,124.9,11.3,fire
26,08,2012,30.4,52.3,8.6,0.7,86.6,3.6,150.2,23.1,83.4,16.9,fire
02,02,2012,16.7,85.8,8.4,1.4,52.1,90.3,401.6,18.5,112.0,18.8,fire
05,04,2012,19.7,65.4,7.8,1.8,66.9,7.3,136.0,18.0,85.9,2.8,not fire
29,02,2012,29.6,38.5,3.1,1.2,81.5,89.4,361.5,8.8,193.2,19.5,fire
05,05,2012,26.0,46.7,2.8,2.6,26.1,22.8,103.1,20.5,120.8,13.8,fire
06,09,2012,17.6,26.3,16.2,1.3,29.7,74.0,124.9,23.8,149.8,16.1,fire
19,01,2012,32.6,45.0,21.9,0.4,0.1,31.0,168.2,3.4,187.3,5.9,not fire
08,05,2012,22.9,70.8,19.8,0.3,96.3,85.9,294.6,16.0,118.3,16.7,fire
16,09,2012,31.6,25.4,3.5,1.2,91.8,70.0,227.2,3.0,2.4,18.6,fire
13,01,2012,30.8,35.4,13.6,0.2,76.5,40.2,372.6,26.2,6.9,17.3,fire
01,09,2012,27.5,48.6,2.6,0.1,7.9,7.6,106.8,15.2,140.5,13.5,fire
22,08,2012,24.9,93.7,1.1,0.8,44.8,73.3,5.3,24.2,55.8,7.6,not fire
20,04,2012,34.6,78.9,16.4,1.7,10.2,61.7,388.3,11.0,115.9,7.3,not fire
17,12,2012,17.9,75.0,13.4,0.1,1.6,0.3,410.8,3.8,40.5,0.0,not fire
31,11,2012,29.5,28.7,2.1,1.6,61.6,0.9,29.7,1.2,54.0,14.3,fire
07,10,2012,18.8,78.6,0.9,1.7,96.1,80.9,305.5,8.4,100.9,23.1,fire
25,05,2012,21.8,78.9,24.7,0.7,90.3,25.9,189.1,7.3,195.1,7.7,not fire
13,05,2012,21.2,65.1,0.8,0.1,69.7,63.6,396.9,16.8,123.3,15.2,fire
04,11,2012,33.9,94.3,11.1,0.2,9.7,45.4,437.2,0.7,187.2,15.2,fire
04,12,2012,34.3,44.4,12.6,1.2,27.4,86.3,425.5,15.6,191.9,18.2,fire
06,06,2012,18.7,90.6,2.9,1.2,32.0,91.7,388.6,11.8,41.6,15.6,fire
28,07,2012,15.4,88.6,4.2,2.3,76.3,99.7,134.5,17.3,62.2,10.1,fire
31,08,2012,29.4,20.9,8.8,0.9,80.2,15.4,405.9,21.1,154.0,18.9,fire
19,08,2012,23.4,53.8,19.0,0.1,38.5,86.3,266.7,19.0,173.4,12.3,fire
29,11,2012,16.8,93.3,12.7,0.1,41.8,26.6,26.4,29.5,103.8,14.8,fire
12,02,2012,28.7,27.7,15.9,1.3,4.5,59.1,228.5,4.1,198.6,11.5,fire
22,09,2012,25.9,61.1,24.6,0.2,28.9,50.6,471.1,12.9,2.3,6.8,not fire
07,07,2012,34.6,93.4,19.2,0.4,45.1,1.8,443.9,12.7,59.9,13.2,fire
27,04,2012,19.5,61.7,10.9,0.7,11.7,93.3,51.1,12.5,124.6,14.1,fire
10,04,2012,23.1,34.2,11.2,0.0,45.3,7.8,372.1,19.9,93.9,7.4,not fire
26,11,2012,25.9,63.7,15.5,0.3,85.3,68.8,402.9,14.7,23.3,18.1,fire
19,08,2012,30.8,35.3,16.6,0.5,58.1,78.5,135.7,15.5,73.6,9.5,not fire
07,04,2012,26.0,59.0,12.5,0.3,7.9,79.5,235.8,13.0,5.1,13.0,fire
30,06,2012,27.3,25.6,16.1,0.1,19.2,13.5,355.5,29.8,128.5,8.4,not fire
03,05,2012,19.5,65.4,0.6,1.3,47.5,44.8,219.5,27.8,178.5,16.0,fire
13,03,2012,31.9,58.8,10.7,1.7,36.1,82.9,56.4,9.2,177.0,16.9,fire
13,10,2012,23.6,75.5,7.0,0.3,35.9,30.3,352.9,3.3,139.9,7.8,not fire
18,11,2012,17.8,67.3,3.2,1.5,52.9,46.8,455.8,25.2,93.2,7.5,not fire
28,02,2012,28.3,61.2,2.5,0.5,58.4,27.3,326.2,29.9,102.4,8.1,not fire
30,09,2012,19.3,71.7,15.1,0.7,79.7,46.4,386.9,8.8,27.4,11.8,fire
26,10,2012,17.0,30.8,13.1,1.9,34.1,88.8,179.2,10.7,68.2,15.9,fire
20,09,2012,32.2,64.7,6.3,1.4,80.5,45.5,91.6,28.2,37.5,8.6,not fire
28,01,2012,24.2,32.9,11.8,1.6,33.9,55.6,321.4,21.3,164.2,6.3,not fire
08,10,2012,30.0,89.4,12.3,0.1,5.5,40.4,163.9,8.9,183.0,13.0,fire
29,03,2012,20.8,25.1,4.9,0.1,55.4,46.0,430.0,17.4,107.4,19.0,fire
31,08,2012,30.7,52.3,16.3,2.2,58.8,1.5,61.3,28.3,145.6,7.8,not fire
09,06,2012,17.2,72.2,19.5,0.5,93.5,28.4,216.7,24.4,24.3,9.5,not fire
07,05,2012,22.1,54.4,19.8,0.3,72.6,43.7,198.4,22.3,121.7,21.3,fire
01,05,2012,34.6,26.9,15.1,1.3,91.8,63.4,469.0,22.1,140.6,19.1,fire
03,06,2012,30.9,61.5,12.8,1.8,90.8,45.0,76.6,5.3,90.6,13.1,fire
13,07,2012,24.9,68.1,1.5,2.0,60.5,33.8,4.9,24.7,48.7,18.4,fire
28,01,2012,21.8,72.8,7.2,0.4,52.8,38.8,119.0,8.3,175.5,14.3,fire
30,09,2012,32.4,48.0,2.3,1.9,55.7,24.2,410.1,27.9,148.6,17.5,fire
25,03,2012,25.9,62.3,24.1,0.0,97.8,92.4,104.7,10.9,180.0,15.6,fire
31,04,2012,30.2,53.8,3.4,0.1,77.3,52.2,120.4,25.7,163.7,18.8,fire
28,10,2012,30.1,70.4,3.8,1.0,10.6,1.3,64.9,8.0,198.1,13.5,fire
17,01,2012,15.4,63.8,22.2,0.1,77.8,1.9,357.7,15.4,38.4,14.5,fire
25,11,2012,17.5,59.4,23.6,0.4,17.1,97.3,34.6,3.2,17.3,14.7,fire
24,10,2012,28.2,38.7,19.1,1.1,44.7,22.1,165.6,19.8,67.4,18.6,fire
01,03,2012,18.2,20.2,0.1,0.4,21.0,80.6,141.2,25.1,25.8,12.4,fire
06,02,2012,20.1,33.1,0.0,0.2,69.0,5.8,277.6,21.6,104.6,8.8,not fire
21,02,2012,33.9,28.8,9.5,0.3,87.7,92.1,365.2,15.7,126.6,24.9,fire
06,01,2012,26.2,53.7,3.6,0.6,29.0,87.4,266.4,1.4,115.7,7.0,not fire
26,08,2012,30.0,65.9,0.5,0.6,8.2,57.1,465.5,28.0,51.8,9.1,not fire
12,03,2012,26.2,36.0,11.6,1.5,29.8,0.9,475.7,21.2,181.8,11.6,fire
13,03,2012,26.1,90.4,23.6,1.4,67.2,25.8,180.7,22.4,4.2,0.0,not fire
13,06,2012,16.9,20.5,8.1,0.6,32.9,40.7,388.8,23.8,69.6,10.4,fire
29,08,2012,21.9,77.9,16.5,1.9,27.8,46.0,369.4,22.4,143.8,11.4,fire
15,09,2012,20.6,66.9,16.3,0.1,18.4,29.8,446.5,13.2,153.4,2.0,not fire
21,09,2012,22.8,48.0,6.3,0.3,49.8,3.3,224.0,22.0,83.2,11.8,fire
16,04,2012,31.0,23.8,16.3,1.8,27.6,59.0,265.2,18.8,3.4,13.2,fire
22,05,2012,22.4,67.1,5.3,0.5,73.1,52.4,207.9,25.6,123.6,15.1,fire
21,02,2012,24.0,48.9,3.1,4.0,7.7,28.3,425.2,24.1,12.6,13.4,fire
11,11,2012,22.9,90.2,17.5,0.6,66.4,3.8,114.9,1.2,21.6,15.8,fire
28,09,2012,16.9,60.6,2.8,1.6,23.8,99.5,119.9,11.4,130.1,14.1,fire
05,08,2012,23.8,90.5,24.9,0.5,48.9,48.2,186.3,1.0,62.5,7.0,not fire
04,03,2012,18.9,36.5,4.6,0.6,28.6,75.6,115.2,3.1,69.6,10.4,fire
03,11,2012,18.7,74.4,14.9,0.5,72.3,45.2,280.5,18.0,97.4,19.5,fire
19,12,2012,16.9,66.3,10.3,1.3,94.5,4.3,67.2,26.2,195.7,12.5,fire
20,09,2012,22.1,75.5,3.2,0.8,91.7,31.0,160.1,3.6,193.1,23.0,fire
25,03,2012,30.1,36.1,0.7,2.9,58.3,32.0,456.7,13.5,83.3,17.1,fire
18,09,2012,20.5,69.9,15.6,0.3,46.3,83.8,204.6,27.3,53.1,22.0,fire
15,02,2012,21.2,57.4,20.2,0.1,81.8,65.4,374.1,24.4,60.5,10.9,fire
09,12,2012,27.9,75.7,21.1,0.5,68.3,27.5,56.7,15.6,53.8,13.3,fire
17,10,2012,18.9,44.5,12.1,1.0,18.4,96.8,123.8,23.1,106.4,10.6,fire
14,09,2012,32.9,86.8,19.4,2.0,82.1,32.2,403.7,15.7,121.4,19.7,fire
15,08,2012,25.4,26.3,16.8,0.4,42.9,99.8,381.5,4.7,97.8,10.8,fire
31,09,2012,24.0,80.5,18.1,1.1,18.9,99.6,193.1,3.7,81.6,3.7,not fire
01,05,2012,26.2,84.6,12.3,0.4,28.2,19.1,477.2,5.7,42.3,11.0,fire
21,11,2012,18.3,81.3,15.8,1.0,26.8,31.3,455.3,10.5,96.5,6.3,not fire
22,11,2012,27.3,58.5,20.1,2.2,51.9,48.6,481.2,27.9,68.2,11.3,fire
22,02,2012,22.3,52.9,9.9,0.3,23.4,66.4,214.0,24.0,108.3,7.1,not fire
03,08,2012,32.9,94.7,20.1,0.5,12.4,52.8,98.7,13.0,135.0,11.3,fire
16,12,2012,18.4,37.2,14.8,5.0,12.4,96.9,313.3,14.8,126.7,4.7,not fire
23,06,2012,25.1,61.0,4.1,2.0,58.3,72.4,342.4,8.0,92.5,13.7,fire
25,08,2012,27.0,70.3,0.6,0.8,73.5,21.2,62.7,21.1,111.2,10.1,fire
11,11,2012,15.7,72.6,9.1,0.7,32.2,10.5,393.2,24.1,57.0,4.3,not fire
12,05,2012,22.3,35.3,13.7,0.3,3.5,68.8,9.0,7.2,4.8,10.2,fire
10,10,2012,29.7,69.0,21.0,0.7,12.7,15.8,241.4,1.3,125.0,11.3,fire
16,02,2012,31.4,81.4,3.2,1.9,91.5,78.8,165.5,18.7,50.5,18.2,fire
08,06,2012,21.3,23.8,20.0,1.2,49.4,31.1,370.2,16.9,133.8,15.9,fire
06,05,2012,31.0,88.4,21.6,0.3,45.4,32.7,156.4,12.1,149.4,7.7,not fire
12,12,2012,34.4,22.2,3.8,0.2,3.8,1.1,413.4,19.3,183.2,0.1,not fire
24,12,2012,32.1,46.7,21.3,0.3,72.9,70.1,297.5,16.5,191.6,10.9,fire
28,05,2012,17.4,21.2,24.8,0.2,52.8,11.3,396.9,7.5,2.1,4.1,not fire
21,01,2012,29.8,25.8,18.2,0.1,20.2,77.3,494.7,11.9,198.1,5.5,not fire
08,02,2012,21.4,88.3,19.6,0.5,11.0,49.2,339.6,12.8,136.6,18.2,fire
26,08,2012,34.8,46.6,24.9,0.1,38.3,78.4,492.5,26.4,128.7,7.5,not fire
28,03,2012,24.7,51.9,15.1,0.2,83.7,58.4,14.4,28.8,3.0,21.5,fire
04,10,2012,17.4,36.2,7.7,0.8,86.5,8.2,169.1,26.8,172.2,13.0,fire
26,03,2012,29.5,64.8,20.9,0.2,60.3,76.6,53.9,21.6,29.1,17.3,fire
08,08,2012,21.5,64.6,15.4,0.1,72.8,7.0,131.2,17.5,167.5,7.7,not fire
26,08,2012,34.9,47.9,14.5,0.4,11.5,47.9,419.4,20.7,3.1,12.6,fire
28,02,2012,34.6,45.0,6.3,0.2,58.8,17.2,16.2,28.2,129.2,9.7,not fire
18,08,2012,28.1,86.4,18.9,0.7,66.7,75.2,260.1,7.5,87.0,20.8,fire
28,11,2012,17.6,48.7,2.0,0.1,20.1,91.2,283.6,16.1,40.2,15.4,fire
28,01,2012,28.7,57.0,23.1,1.4,88.0,55.4,280.6,20.7,21.5,17.1,fire
05,06,2012,16.9,41.2,8.1,2.4,19.5,52.7,237.6,20.4,88.0,8.0,not fire
09,08,2012,15.6,79.0,3.2,1.4,31.3,76.4,395.3,7.6,24.7,12.4,fire
04,03,2012,31.5,49.8,11.1,0.8,62.1,0.5,66.8,17.6,97.3,14.8,fire
27,08,2012,19.2,58.5,1.1,2.0,63.8,91.8,155.3,23.9,125.0,20.4,fire
22,12,2012,22.6,39.0,17.1,1.2,69.9,19.7,307.9,14.3,165.5,17.8,fire
31,01,2012,34.5,94.1,22.6,0.0,11.2,98.4,345.5,23.8,135.7,13.3,fire
17,11,2012,21.7,41.9,20.9,0.5,84.9,73.6,202.1,10.8,13.0,14.4,fire
09,11,2012,20.9,77.8,3.2,1.9,53.3,77.4,437.7,28.2,61.5,18.0,fire
01,09,2012,33.4,52.1,3.2,0.4,47.1,65.6,207.7,16.0,57.6,14.2,fire
21,11,2012,17.2,35.5,20.3,0.0,98.1,47.2,201.4,17.9,183.0,16.5,fire
20,09,2012,30.2,80.0,23.1,1.4,74.0,57.2,18.1,0.9,173.6,19.0,fire
13,05,2012,34.8,45.0,11.5,1.6,11.8,4.6,275.6,5.1,74.0,13.3,fire
28,10,2012,33.0,84.9,12.5,0.2,75.7,62.4,354.3,19.0,14.2,19.0,fire
16,04,2012,28.0,88.6,8.0,0.8,9.5,62.6,57.2,12.6,178.8,7.0,not fire
29,11,2012,21.3,84.5,22.4,0.2,2.7,89.1,152.7,15.2,177.6,18.3,fire
13,06,2012,20.1,22.6,16.1,1.3,40.4,50.6,390.6,1.9,170.9,18.3,fire
14,12,2012,31.4,79.1,7.2,0.3,99.4,7.7,183.0,25.0,169.0,12.0,fire
03,07,2012,32.6,50.9,7.5,0.4,17.5,30.6,120.8,23.5,96.1,5.7,not fire
29,05,2012,25.5,85.5,22.3,1.9,67.3,65.6,336.1,5.6,35.5,11.3,fire
06,11,2012,19.9,67.8,0.3,0.6,17.3,23.9,98.4,19.0,95.5,11.5,fire
18,10,2012,17.3,82.5,8.1,1.1,72.5,28.1,447.8,24.5,98.9,21.8,fire
19,09,2012,16.7,57.5,13.9,0.5,50.5,82.0,52.8,19.2,98.0,10.4,fire
05,03,2012,29.4,60.1,3.7,0.4,68.0,58.4,353.3,9.3,107.8,16.6,fire
15,07,2012,23.4,30.8,2.3,1.0,20.3,50.9,249.8,19.7,51.5,5.9,not fire
25,10,2012,33.1,78.8,20.4,0.2,74.6,31.8,435.0,6.3,73.2,24.3,fire
02,10,2012,29.8,51.5,22.4,0.5,99.6,73.1,63.1,9.5,86.8,23.9,fire
10,11,2012,18.8,57.5,20.6,0.2,66.6,28.8,338.9,7.2,26.2,7.9,not fire
24,05,2012,27.3,78.9,22.5,1.2,49.3,73.7,286.0,16.7,91.1,3.9,not fire
30,07,2012,23.7,64.9,13.8,2.9,92.3,7.0,240.0,3.2,162.1,19.6,fire
18,02,2012,26.5,35.1,20.3,5.4,1.6,86.5,245.7,28.0,165.6,7.5,not fire
27,04,2012,29.8,64.3,9.6,0.6,73.0,50.0,361.0,10.0,82.3,20.2,fire
13,02,2012,31.1,50.6,16.7,0.3,88.9,43.9,468.9,6.6,103.8,18.9,fire
05,12,2012,31.9,55.2,24.7,0.6,6.2,61.1,45.6,14.9,6.7,1.2,not fire
23,07,2012,20.1,22.1,5.6,1.9,45.0,62.4,9.8,8.3,134.9,7.8,not fire
24,02,2012,15.6,35.8,9.7,0.2,20.5,13.2,402.9,16.0,80.9,4.4,not fire
01,11,2012,29.8,41.1,12.0,3.0,56.7,75.6,54.1,10.5,89.1,12.2,fire
22,01,2012,17.1,73.5,3.5,0.4,65.0,27.6,493.3,4.0,174.7,12.0,fire
01,09,2012,21.3,20.9,2.0,4.3,30.3,90.5,309.7,8.0,92.4,14.0,fire
18,01,2012,15.1,50.7,20.7,1.8,46.0,81.8,325.4,13.2,4.2,20.9,fire
15,08,2012,28.6,89.3,24.4,1.7,27.9,34.6,99.4,0.9,45.5,12.6,fire
17,02,2012,18.3,28.4,10.1,0.4,36.9,80.8,120.2,23.1,95.1,19.3,fire
11,12,2012,28.1,58.7,2.2,0.0,16.0,35.6,329.7,18.7,84.9,7.0,not fire
21,08,2012,34.8,79.0,1.6,0.5,88.6,10.1,454.9,18.0,172.1,22.5,fire
26,03,2012,16.5,90.7,22.3,0.4,1.0,96.2,491.2,16.4,108.4,6.6,not fire
